Column1;Adlar;Tarihler;Yorumlar;Satýcý;Begenme
0;ÖK;13 Ekim 2022, Perþembe;Gayet güzel bir telefon. Kameralar bataryasý iþlemcisi ekraný ben beðendim tavsiye edilir. Hemen kargoya verildi. Aldýðýmda biraz daha uygundu hemde hepsiburada indirim kampanyasý vardý.;Hepsiburada;7
1;ÝK;06 Nisan, Per;Telefonum hepsi jet ile sorunsuz þekilde geldi, Telefonu beðenmeyenleri anlamýyorum bu telefon oyun telefonu veya beklentilerin üstünde video ve fotoðraf telefonu deðil,  Günlük kullaným( Alo desin) ve sosyal medyada gezinti , normal fotoðraf ve video çekim telefonu bu, aþýrý bir beklenti içinde olanlar uzak dursun,  Þarjý kullanýma göre 1,5 gün ile 3 güne yakýn gidiyor,  ben memnunum yukarýda yazdýðým özelliklerinde bir telefon istediðim için tam bana göre;Hepsiburada;0
2;SY;19 Kasým 2022, Cumartesi;Anneme aldýk güzel bi telefon kamerasý beklediðimden daha iyi çýktý alýnýr ????;gala iletiþim;3
3;NÇ;26 Kasým 2022, Cumartesi;Telefonum bozuldu aldim çok memnun kaldým bu fotoðrafta telefondan çektiðim bir resim;ANKATEKNOB;9
4;RA;09 Mayýs 2022, Pazartesi;Ürünü babam için aldýk. Gayet kullanýþlý. Normal sesli konuþmada ses netliði gayet iyi. Görüntülü konuþmada ön kamera yeterince tatmin edici. Arka kameralar da gayet yeterli. Çok profesyonel çekimler yapmayacaksanýz gayet ideal. Malzeme kalitesi de güzel. Kargolama iyiydi, pakette herhangi bir dezenformasyon yoktu. Orijinal kutusunda geliyor. Ýçerisinde þarj kablosu ve þarj adaptörü çýkýyor. Avrupa iletiþime teþekkürler. Ürünün faturasý e-fatura olarak da gönderildi. Rahatlýkla alabilirsiniz. Emeði geçenlere teþekkürler.;Avrupa;14
5;MA;17 Temmuz 2022, Pazar;Teþekkürler Sorunsuz geldi içinden þarj kafasý ve USB sarz kablosu çýktý kulaklýk cikmiyor fatura içinde geldi;SKY GSM KOZMETÝK;10
6;HG;07 Mart, Sal;ürün bir günden daha kýsa sürede elime ulaþtý, beklediðimiz gibi bir telefon annem için aldým gayet baþarýlý ve yeterli. Teþekkürler Hepsiburada;Hepsiburada;2
7;SY;08 Mayýs 2022, Pazar;Tavsiye ederim 10 numara;Avrupa;9
8;ÖD;21 Aralýk 2022, Çarþamba;Gerçekten bu fiyata alýnabilecek en iyi telefon diyebilirim. Gerek kamerasý, gerek pil ömrü gerekse de iþlemcisi gerçekten harika. Ayrýca samsung 4 yýl güncelleme sözü verince inanýn tadýndan yenmez bir telefon oldu. Ben telefona 30-40 bin TL verenlere gerçekten anlam veremiyorum. En nihayetinde bu telefon en fazla 5 yýl sonra kullaným dýþý kalacak. Bu telefonda ihtiyaçlarý gerçekten çok güzel karþýlýyor. Tavsiye ederim;heybeden;7
9;EK;25 Ekim 2022, Salý;"Güzel ve kaliteli diyebilirim 
Paketleme harika çok beðendim almak isteyen olursa tavsiye ederim";SAMLÝNE;2
10;ÇO;21 Mart, Sal;Þimdilik sorun yok umarým da olmaz þuan memnunuz.;Hepsiburada;0
11;MA;05 Ocak, Per;A23 almýþtým 2 ay önce ve tekrar ikinciyi aldým memnunum A53 ile ayný Telefon sadece Ram farký var A23 4 A 53 8 Ram aradaki fiyat farký ise 4.000 TL bence A53 alýp bu kadar fark vermeye gerek yok görsel hersey ayný ben memnunum ve tavsiye ederim yalnýz kýlýf tercih edilirken þeffaf kýlýf kullanýn sert ve sürmeli kýlýflar kullanýrsanýz direkt telefonun arkasýný çiziyor;çagri iletiþim;3
12;UE;17 Kasým 2022, Perþembe;Teþekkürler;Avrupa;1
13;ÝK;18 Mart, Cts;Hatasýz darbesiz geldi,  iþin içinde hepsi burada ve hepsi Jet varsa hiç korkmadan telefon alabilirsiniz, ben maðaza tercihimi satýcý olarak hepsi burada olarak  tercih ediyorum, vallahi özellikleri hakkýnda fazla bir bilgim yok,Ýnternet ortamýnda bildiðimiz, ama ben rengi için aldým;Hepsiburada;0
14;SC;18 Þubat, Cts;Muntazam paketliydi??Güzel ürün 5 günde geldi teþekkürler daha uygun fiyata olursa herkes alabilir. Ýçinden kulaklýk çýkmýyor maalesef ??;MARTEKNOLOJÝ;0
15;HK;28 Eylül 2022, Çarþamba;Cihazý Biraz sýkýntý da olsa satýn aldým Samsung a modellerin hepsini kullandým Kesinlikle bu cihazi tavsiye ederim bu fiyat bandýnda sizi asla üzmez keþke Ekran amoled olsaydý ama buda kötü deðil bataryasý rahat 1.5 gün gider kamera gündüzleri Harika iþler çýkarýr ama gece için bisey diyemem 5G Desteði olsaydý iyi olurdu Genel anlamda Beðendim çok;Hepsiburada;2
16;AT;02 Nisan, Paz;hýzlý ve güvenli bir þekilde elime ulaþmasý ayrýca 5 yýldýzý hak ediyor . gayet güzel  tavsiye ediyorum .;EMTEL ÝLETÝÞÝM HÝZMETLERÝ;0
17;MK;02 Nisan, Paz;Guzel telefon, yeni aldim.uzun sure beraber olacagiz cok belli.fiyat iyi.hb tþk.;Hepsiburada;0
18;HÇ;01 Nisan, Cts;Paketleme Özenli Ve Güzeldi Hýzlý Kargo Hepsi Buradaya Teþekkürler (:;Hepsiburada;0
19;NÝ;31 Mart, Cum;Akýllý telefon çýkýnca Samsung dan baþka telefon kullanmadým. Bu telefon kalite ve fiyat performans açýsýndan çok iyi.Hepsi jetler kargo ile 24 saat olmadan güvenli þekilde teslim edildi;Hepsiburada;0
20;HÇ;01 Nisan, Cts;Paketleme Özenli Ve Güzeldi Hýzlý Kargo Hepsi Buradaya Teþekkürler (:;Hepsiburada;0
21;AL;11 Nisan, Sal;ürünü çok beðendim. Saðolsunlar bi sýkýntý yok memnunum. Güvenle alabilirsiniz.;Hepsiburada;0
22;MB;09 Nisan 2022, Cumartesi;Ürün güzel a72 nin aynýsý görsel olarak ekran güzel hýz güzel iþinizi görür daha ne olsun;BittiBitiyor;8
23;UV;20 Temmuz 2022, Çarþamba;2 adet aldýk. Anne ve baba için. Telefon orta seviye. Samsung olduðu için tercih ettik. Þimdilik iyiye benziyor. Satýcýya hýzlý bir þekilde ulaþtýrdýðý için teþekkürler.;Avrupa;3
24;ÖA;14 Þubat, Sal;Kamerasý harika zaten araþtýrarak almýþtým gayet memnun kaldým cuma günü sipariþ verdim pazartesi elindeydi.;Hepsiburada;0
25;MG;27 Ocak, Cum;Ürün gerçekten çok güzel fakat sanki paketleme biraz zayýf gibiydi. Yinede gönderici firmaya teþekkürler.;Hepsiburada;0
26;MY;06 Mart, Pts;"Ürünün performansý pili gayet güzel 
Oyun oynarsanýz 30 saat oynamaz iseniz normal kullanýmda 48 saatten fazla pil gidiyor";Hepsiburada;0
27;YC;10 Mart, Cum;Ürün güzel kullanýþlý. Çok beðendik. Teþekkür ederim. Kargo zamanýnda geldi.;Hepsiburada;0
28;FÇ;25 Mart, Cts;Eþime aldým çýk memnunum hem erkek geldi hemde sagolsunlar güzel paketleme yapýldý iyi yani;CepteTek;0
29;KE;27 Mart, Pts;Kargo paketi gayet iyiydi telefon orta seviye için gayet yeterli.;CÝNCÝN;0
30;KE;27 Mart, Pts;Kargo paketi gayet iyiydi telefon orta seviye için gayet yeterli.;CÝNCÝN;0
31;MK;04 Nisan, Sal;Alinabilir bir telefon tüm olanaklar sunulmuþ;Hepsiburada;0
32;NE;01 Nisan, Cts;ayarlarý anlamaya çalýþýyorum;Hepsiburada;0
33;AA;09 Nisan, Paz;Fiyat performans ürünü..Tavsiye edilir.;Hepsiburada;0
34;AA;10 Nisan, Pts;Babam icin aldým mükemmel bir ürün;Hepsiburada;0
35;ND;04 Kasým 2022, Cuma;"ürün cok iyi fakat hepburda piþmanlýk ürünü yarýn teslim diye burdan aldim fakat
farkli ilceye göndermiþler kendim gidip aldim 2 gun sonra";Hepsiburada;0
36;HY;26 Nisan 2022, Salý;Tereddüt etmeden gönül rahatlýðý ile alabilsin.Bir haftadýr kullanýyorum gayet memnunum;CEMRE ÝLETÝÞÝM HÝZMETLERÝ;6
37;MS;31 Aðustos 2022, Çarþamba;samsung biraz ddeðiþiklik yap artýk kamera lens yerleri ile oynayýp yeni yeni þeyler çýkartma milletin aklý ile oynama artýk deðiþiklik lütfen;Kya Teknoloji Ýletiþim;3
38;HA;16 Mayýs 2022, Pazartesi;Arkadaslar bu urunden sarj cihazida cikiyor:) bilginiz olsun ????;Avrupa;6
39;MA;08 Ekim 2022, Cumartesi;Ben memnunum inþAllah nazar deðmez ve uzun ömürlü kullanabilirim...;Avrupa;0
40;MC;29 Ekim 2022, Cumartesi;Ürün çok güzeldi memnun kaldýk kesinlikle almanýzý tavsiye ederim;CEMRE ÝLETÝÞÝM HÝZMETLERÝ;0
41;FU;12 Aralýk 2022, Pazartesi;Gayet baþarýlý ablama almýþtým tek sorun aldiktan sonraki gün 150 tl daha fiyatý düþtü;TK  MARKET;0
42;MK;22 Kasým 2022, Salý;Ben telefonu begendim orta sekment telefon arayanlar icin ideal kamerasý baya iyi;ANKATEKNOB;0
43;MK;12 Kasým 2022, Cumartesi;Ürün sorunsuz geldi.Paketleme güzel. Dünden bu yana kullanýyorum no problem;SARP TELEKOM;0
44;MS;21 Eylül 2022, Çarþamba;Kardeþime almýþtým 1 yada 1buçuk ay oldu alalý gayet iyi bir cihaz tavsiye ederim yað gibi 90 hz 15 ile 17 saat ekran süresi veriyor ve çok fazla oyun oynayan biri kardeþim yine iyi yani bu saatler + video ve dizi filim de izliyor gayet iyi gidiyor bataryasý;beyazay teknoloji;0
45;HC;24 Ocak, Sal;Sorunsuz geldi teþekkürler;Samsung Türkiye;0
46;MK;04 Þubat, Cts;Ürün  beklentileri tam olarak karþýlýyor;Teknopa Gsm;0
47;AY;11 Ocak, Çar;Daima hepsiburada;Samsung Türkiye;0
48;SÜ;01 Þubat, Çar;Sorunsuz ürün cok memnun kaldým saðlam kargo;SABEZA;0
49;MÇ;31 Ocak, Sal;Gayet güzel þýk ve kullanýþlý;Zada Technology;0
50;HC;24 Ocak, Sal;Sorunsuz geldi teþekkürler;Samsung Türkiye;0
51;MK;04 Þubat, Cts;Ürün  beklentileri tam olarak karþýlýyor;Teknopa Gsm;0
52;AY;11 Ocak, Çar;Daima hepsiburada;Samsung Türkiye;0
53;MÇ;31 Ocak, Sal;Gayet güzel þýk ve kullanýþlý;Zada Technology;0
54;SÜ;01 Þubat, Çar;Sorunsuz ürün cok memnun kaldým saðlam kargo;SABEZA;0
55;GÇ;20 Aralýk 2022, Salý;Ben kendime aldým çok memnunum özelliklerine hayran kaldým çok memnunum;CEP-CELL ÝLETÝÞÝM;0
56;FU;12 Aralýk 2022, Pazartesi;Gayet baþarýlý ablama almýþtým tek sorun aldiktan sonraki gün 150 tl daha fiyatý düþtü;TK  MARKET;0
57;EB;13 Mart, Pts;Çok hýzlý geldi sorunsuz kullanýyorum.;ALTERNATÝFGRUP;0
58;US;03 Mart, Cum;Ýyiymiþ memnun kaldýk;ALTERNATÝFGRUP;0
59;GK;06 Mart, Pts;Fiyatýna göre gayet güzel;Hepsiburada;0
60;GK;06 Mart, Pts;Fiyatýna göre gayet güzel;Hepsiburada;0
61;US;03 Mart, Cum;Ýyiymiþ memnun kaldýk;ALTERNATÝFGRUP;0
62;EB;13 Mart, Pts;Çok hýzlý geldi sorunsuz kullanýyorum.;ALTERNATÝFGRUP;0
63;HÖ;18 Mart, Cts;9 aydýr kullanýyorum  gayet   güzel   bi ürün  ..hiç bir problem  yaþamadým  ..;CEMRE ÝLETÝÞÝM HÝZMETLERÝ;0
64;BE;19 Mart, Paz;Gayet güzel telefon, hediye olarak babama aldýk f/p ürünü;alkocteknoloji;0
65;AY;20 Mart, Pts;Nerdeyse 1 senedir kullanýyorum. Çok memnunum.;HAS ÝLETÝÞÝM;0
66;ST;16 Mart, Per;Tavsiye ederim;BittiBitiyor;0
67;ST;16 Mart, Per;Hýzlý kargo beklediðim fazlasý;ANKATEKNOB;0
68;SY;04 Ekim 2022, Salý;Gayet güzel bir telefon, þimdilik sarj süresi, ekran kalitesi sahane duruyor, tavsiye ederim.;Hepsiburada;0
69;OÖ;24 Mart, Cum;Tek kelimeyle harika;Hepsiburada;0
70;CM;27 Mart, Pts;Fiyat performans ürünü kesinlikle tavsiye ediyorum;Hepsiburada;0
71;UB;20 Þubat, Pts;Güzel fiyatýna göre iyi telefon;Hepsiburada;0
72;CK;27 Mart, Pts;Süper bir ürün herkese tavsiye ediyorum;Hepsiburada;0
73;EH;28 Mart, Sal;Yeðenime aldým o kullanýyor memnun;Hepsiburada;0
74;EB;13 Mart, Pts;Çok hýzlý geldi sorunsuz kullanýyorum.;ALTERNATÝFGRUP;0
75;GK;06 Mart, Pts;Fiyatýna göre gayet güzel;Hepsiburada;0
76;AÇ;27 Þubat, Pts;Çok güzel bir telefon tavsiye ederim;ANKA MOBÝLE DAGITIM PAZARLAMA;0
77;HB;02 Mart, Per;Ürün fiyatýna göre normal. Kargo çok hýzlý geldi. Teþekkürler.;Hepsiburada;0
78;US;03 Mart, Cum;Ýyiymiþ memnun kaldýk;ALTERNATÝFGRUP;0
79;CE;24 Þubat, Cum;Fiyat/Performans ürünü , Baþarýlý .!;Hepsiburada;0
80;BU;06 Nisan, Per;Mükemmel;AYPA TEKNOLOJÝ;0
81;IT;11 Nisan, Sal;Super;Hepsiburada;0
82;MG;23 Temmuz 2022, Cumartesi;Has iletiþime sorumluluklarýndan dolayý çok teþekkür ederim. Kargolama tarihi zamanýn olmasýna raðmen, ricam üzerine bir iþ gününde telefonu kargolayýp beni bayramda telefonsuz býrakmadýlar. Güvenilir saðlam sorunsuz bir þekilde alýþveriþ yapa bilirsiniz;HAS ÝLETÝÞÝM;1
83;MU;05 Haziran 2022, Pazar;Ürünü beðendim, özellikleri belirtildiði gibi. Tavsiye ederim. Satýcý da ürünü zamanýnda gönderdi ve kablosuz kulaklýk hediyesi için de teþekkür ederim.;Fýrsat Uygun;3
84;CK;30 Aðustos 2022, Salý;Çok hýzlý kargoydu Pazartesi sabah 9 da sipariþi verdim, salý öðlen 13.30 da teslim aldým  Bunun yanýnda kutu içerisinden þarj  kablosu takýmý tam çýktý. Bu sebeple telefonu yollayan KOÇ iletiþime çok teþekkür ederim.;KOÇ ÝLETÝÞÝM;0
85;EB;24 Kasým 2022, Perþembe;Samsung A23 büyük ekran saðlam hýzlý kalitelisi ile harika tavsiye ederim;Harcabitmez;0
86;ÝG;14 Ocak, Cts;Ürün hafif çok kaliteli çok beðendim;CepteTek;0
87;ÖS;13 Haziran 2022, Pazartesi;Tam bir fiyat performans ürünü fakat bu telefona ve samsunga bu sarz cihazý hiç yakýþmamýþ özellikle þarj kablosu kalitesiz ve sert plastikten yapýlmýþ;KýrmýzýElma;3
88;OÇ;18 Haziran 2022, Cumartesi;Ürünü oðlum için aðýrlýklý oyun oynuyor. Bende kontrol ediyorum. Gayet kullanýþlý ve yeterli. Satýcýdan Gayet hýzlý ve sorunsuz geldi. Teþekkürler;KýrmýzýElma;2
89;ÝD;19 Mayýs 2022, Perþembe;Çok hýzlý geldi ve anlatýldýðý gibi çýktý. Paketleme çok çok kaliteliydi. Telefon da çok iyi görünüyor kullandýkça daha iyi cevaplar verebiliriz. Kulaklýk ta olsaydý iyi olurdu bu arada.;KýrmýzýElma;2
90;KÇ;18 Haziran 2022, Cumartesi;kýzýma diye aldým,iyi ki almýþým.remi güzel tepkime süreleri iyi.kamera ve hafýza da yeterli.sar deðerine baktým zaten samsung marka sar deðerinde gayet iyi.tavsiye ederim.;HAS ÝLETÝÞÝM;2
91;ÖG;19 Temmuz 2022, Salý;Ürün güzel hediye aldým ve çok beðenildi tam bir f/p ürünü. Tavsite ederim;MK SES TEKNOLOJÝ;1
92;ÝG;18 Haziran 2022, Cumartesi;Bugün kullanmaya baþladýk. Her yönüyle parasýný hakediyor. Bence çok iyi. Daha iyisini isteyen baþka telefon bakabilir. Ayrýca Satýcý da iyiydi.;KýrmýzýElma;2
93;KÇ;19 Mayýs 2022, Perþembe;samsung sevdogim telefon markasi ki bu urunde hic posman etmedi.gayet guzel sar degeri benim icin onemli ve samsung bunu karsiliyor.rengini cok begendik,gayet basarili urun.;HAS ÝLETÝÞÝM;0
94;OU;09 Temmuz 2022, Cumartesi;Babama aldim.. cok cok iyi.. s20 ve m52 kullaniyorum.. aratmaz diyebilirim..;ÇAKIR TEKNOLOJÝ ÜRÜNLERÝ;0
95;GB;06 Aðustos 2022, Cumartesi;Ürünümüz sorunsuz elimize ulaþtý ve kullanýyoruz satýcý ya teþekkür ederiz;Avrupa;0
96;FH;01 Aðustos 2022, Pazartesi;Tam fiyat performans telefonu babam için aldik ekran hýz batarya vs özellikleri tatmin edici kargo paketi guzeldi;ALPAY TEKNOLOJÝ;0
97;OK;24 Aðustos 2022, Çarþamba;ALMAK ÝSTEYELERE TAVSÝYE EDERÝM  EPEYDÝR KULLANIYORUM SARJI ÇOK ÝYÝ  EKRAN VE GÖRÜNTÜ KALÝTESÝ MÜKEMMEL;Avrupa;0
98;NS;20 Haziran 2022, Pazartesi;Telefonu kullanalým 1 ay oldu öyle yorum yapmak istedim. Gayet fiyat performans ürünü. Sarj kullandýðým halde 2 gunde götürüyor kasma donma þuana kadar olmadi. Ekran çözünürlük uygulamalara giriþ cok hýzlý ve güzel. Kamerasý fiyatýna göre iyi.;Avrupa;0
99;BÞ;25 Temmuz 2022, Pazartesi;Kardesime aldim gayet güzel paketlemesi de gayet güzeldi teþekkürederiz??;ALPASLAN ÝLETÝÞÝM;0
100;AA;01 Ekim 2022, Cumartesi;süpermiþ gerçekten çok kaliteli;Hepsiburada;0
101;SÖ;24 Ekim 2022, Pazartesi;Harika bir ürün . Satýcý hýzlý kargo yaptý. Paketleme ozenli;Beþken Elektronik;0
102;ÝD;08 Ekim 2022, Cumartesi;Daha önce de almýþtým aynýsýndan. Çok memnunum.;Atik Teknoloji;0
103;UÖ;10 Ekim 2022, Pazartesi;Samsung kalitesi kasma donma ýsýnma 0;Hepsiburada;0
104;IK;10 Eylül 2022, Cumartesi;Telefon beklediðimden daha iyi performanslý çýktý.  Kargo ile teslimat da zamanýnda ve hýzlýydý.;BittiBitiyor;0
105;ÝÝ;31 Ekim 2022, Pazartesi;Fiyat performans ürünü;KýrmýzýElma;0
106;AY;01 Aralýk 2022, Perþembe;Çok teþekkürler hemen elime ulaþtý memnun kaldým;Teknoden;0
107;DA;01 Aralýk 2022, Perþembe;Güzel kullanýþlý bir telefon almak isteyene tavsiye ederim;BATI ELECTRONICS;0
108;NÖ;03 Aralýk 2022, Cumartesi;Fiyat performans açýsýndan gayet güzel bir ürün;gala iletiþim;0
109;FK;30 Kasým 2022, Çarþamba;Babama aldým. Son derece memnun. F/P ürünü diyebilirim;Macrocom;0
110;CK;20 Aralýk 2022, Salý;Çok iyi fiyatýnýn hakkýný vern bir cihaz satýcýya teþekkürler;Mete Mobile;0
111;YS;16 Aralýk 2022, Cuma;Babam Ýçin aldým Günlüm kullaným için harika;aksa-telekom;0
112;MK;05 Aralýk 2022, Pazartesi;Güvenilir satýcý.;KýrmýzýElma;0
113;NÖ;03 Aralýk 2022, Cumartesi;Fiyat performans açýsýndan gayet güzel bir ürün;gala iletiþim;0
114;KT;13 Aralýk 2022, Salý;Eþim için aldýk. Fiyatýna göre gayet iyi. Alýnabilir;aksa-telekom;0
115;FD;21 Kasým 2022, Pazartesi;Urun güzel tesekkurler;gala iletiþim;0
116;NK;21 Kasým 2022, Pazartesi;Ürün gayet ideal kullanýlabilir teyzeme aldým iþini görüyor;CepteTek;0
117;MK;17 Kasým 2022, Perþembe;Ürün beklentilerimi karþýladý. Sorunsuz alýþveriþti;SARP TELEKOM;0
118;MY;17 Kasým 2022, Perþembe;Emeði geçen herkese teþekkür ederim;gala iletiþim;0
119;AA;18 Kasým 2022, Cuma;Harika bir telefon;Macrocom;0
120;KA;08 Kasým 2022, Salý;Çok güzel teþekkürler;RTA;0
121;CK;20 Aralýk 2022, Salý;Çok iyi fiyatýnýn hakkýný vern bir cihaz satýcýya teþekkürler;Mete Mobile;0
122;AA;09 Ocak, Pts;Efsane;Samsung Türkiye;0
123;HÇ;14 Ocak, Cts;Harika;SAMLÝNE;0
124;AC;12 Ocak, Per;Super;Samsung Türkiye;0
125;ZÖ;16 Mayýs 2022, Pazartesi;Fiyat ile orantýlý olarak düþünüldüðünde, ekraný büyük, pili uzun gidiyor. Oldukca zarif ve ince, mavi rengini çok beðendik. Anneme aldim, severek kullaniyor;Avrupa;0
126;DG;30 Aralýk 2022, Cuma;Ürünü bilerek aldým. Son derce memnunum;ANKATEKNOB;0
127;RG;05 Ocak, Per;Çok iyi;Hepsiburada;0
128;UG;18 Mart, Cts;Efsane...;Hepsiburada;0
129;MS;19 Mart, Paz;10 numara;ERC TEKNOLOJÝ DÜNYASI;0
130;EO;13 Mart, Pts;Kalite;gala iletiþim;0
131;VE;24 Mart, Cum;Çok iyi;Samsung Türkiye;0
132;TT;24 Mart, Cum;Harika;Hepsiburada;0
133;UG;18 Mart, Cts;Efsane...;Hepsiburada;0
134;MS;19 Mart, Paz;10 numara;ERC TEKNOLOJÝ DÜNYASI;0
135;ÞA;31 Mart, Cum;Ýyi;Hepsiburada;0
136;ZY;02 Aðustos 2022, Salý;Çokta güzel bir telefon severek kullanýyorum teslimatta vs hiç bir sorun yaþamadým tavsiye ediyorum;SEVENDEN;0
137;AE;28 Mayýs 2022, Cumartesi;Parasýna göre çok güzel. Elde tutmasý ele oturmasi çok güzel. Kýlýf ve koruyucu takýldýðý an daha oturaklý bir tlf olacak.;Azim Holding;1
138;IB;11 Mayýs 2022, Çarþamba;Cihaz çok hýzlý ekran görüntü kalitesi çok iyi özellikle kamera çok net fotoðraf çekiyor kesinlikle fiyatýný fazlasýyla hakediyor.;Hepsiburada;1
139;BÇ;25 Nisan 2022, Pazartesi;cihaz gerçekten çok iyi kargolama hýzlý teþekkür ederim;DÜNYA BÝLÝÞÝM;3
140;EY;05 Temmuz 2022, Salý;Hýzlý ve güvenilir  bir þekilde geldi ,ürün alt segment olmasýna raðmen yeterli özllikleri var;Kya Teknoloji Ýletiþim;0
141;NÇ;12 Mayýs 2022, Perþembe;Satýcý kargoyu hýzlý gönderdi kaliteli bir telefon memnunum alisveristen;Avrupa;0
142;OK;22 Mayýs 2022, Pazar;Saticidan da üründen de sýkýntý yaþamadým inþallah da yaþamam.Urune gelince beklentimi karsiladi;KýrmýzýElma;0
143;AI;29 Mayýs 2022, Pazar;"hýzlý kargo,güvenilir satýcý. Telefon fiyat performans odakli þu an için en iyi telefonlardan birisi. Tavsiye ederim
..";Avrupa;0
144;TM;08 Haziran 2022, Çarþamba;Bayýldým tek jelineyle tüm özellikleri mükemmel teþekkürler hepsi burada;MK SES TEKNOLOJÝ;0
145;EK;19 Haziran 2022, Pazar;Ekraný kamerasý boyutuyla guzel þýk bir telefon özellikle bataryasý çok iyi;KýrmýzýElma;0
146;SÞ;26 Temmuz 2022, Salý;Harika bi ürün ve satýcý;Avrupa;0
147;BÇ;16 Temmuz 2022, Cumartesi;Ürün çok güzel ve satýcý çok uygun þekilde gönderdi;ASAF GSM;0
148;RB;05 Temmuz 2022, Salý;Kýzým beðendi severek kullanýyor;BittiBitiyor;0
149;MT;01 Aðustos 2022, Pazartesi;Çok hoþ ve estetik;Avrupa;0
150;MS;29 Temmuz 2022, Cuma;Güzel telefon;KýrmýzýElma;0
151;SI;05 Aðustos 2022, Cuma;Gayet güzel ve kullanýþlý tavsiye ederim.;TPC Teknoloji;0
152;ÞK;05 Aðustos 2022, Cuma;yeðenime aldým memnun;Azim Holding;0
153;SG;15 Aðustos 2022, Pazartesi;Super fiyat ve Çok hýzlý geldi. Tesekkurler;mobilepoint;0
154;RG;18 Aðustos 2022, Perþembe;Harika bir ürün.  Güzel paketleme.;ALMÝRA GROUP;0
155;TT;24 Aðustos 2022, Çarþamba;Güzel kullanýþlý;SKY GSM KOZMETÝK;0
156;YY;26 Aðustos 2022, Cuma;Harika ürün tavsiye edilirrr;Estekno;0
157;GY;22 Aðustos 2022, Pazartesi;Hýzlý ve sorunsuz bir þekilde geldi teþekkür ederiz;Avrupa;0
158;EA;03 Temmuz 2022, Pazar;Güzel telefon alýnýr;KýrmýzýElma;0
159;MA;05 Eylül 2022, Pazartesi;Çok iyi ,tavsiye ederim;CÝNCÝN;0
160;YD;15 Eylül 2022, Perþembe;Gayet memnunum.;KýrmýzýElma;0
161;ND;04 Ekim 2022, Salý;Muthis;Avrupa;0
162;SK;29 Eylül 2022, Perþembe;Hizli kargo.;ARELNET ÝLETÝÞÝM;0
163;EA;11 Ekim 2022, Salý;Teþekkürler;Hepsiburada;0
164;ZT;26 Ekim 2022, Çarþamba;Mükemmel;aksa-telekom;0
165;IK;28 Ekim 2022, Cuma;Guzel;DADII;0
166;EE;24 Ekim 2022, Pazartesi;Güzel ürün;SimteKare;0
167;MA;18 Eylül 2022, Pazar;Urun super iyi almisim;AKDENÝZ ÝLETÝÞÝM;0
168;ÖÞ;10 Eylül 2022, Cumartesi;FP ürünü. Gayet iyi;kadraj;0
169;AA;11 Eylül 2022, Pazar;Satýcý iyi kargolamýþtý hýzlý geldi;Avrupa;0
170;ÖÞ;10 Eylül 2022, Cumartesi;FP ürünü. Gayet iyi;kadraj;0
171;MA;18 Eylül 2022, Pazar;Urun super iyi almisim;AKDENÝZ ÝLETÝÞÝM;0
172;YK;01 Eylül 2022, Perþembe;Teþekkür ederim güzel bir ürün;GÜZEL TEKNOLOJÝ;0
173;AB;01 Kasým 2022, Salý;Samsungg;ALTERNATÝFGRUP;0
174;ZB;13 Kasým 2022, Pazar;Güzel;ANKATEKNOB;0
175;SU;20 Aralýk 2022, Salý;Süper ötesi;ANKATEKNOB;0
176;MB;20 Aralýk 2022, Salý;Ýyi bir ürün;BASTORE;0
177;EÇ;21 Temmuz 2022, Perþembe;Verdiðiniz paranýn karþýlýðýný alýyorsunuz. Ne eksik, ne fazla.;ALTERNATÝFGRUP;0
178;AG;31 Aralýk 2022, Cumartesi;gayet iyi;Avrupa;0
179;EE;23 Nisan 2022, Cumartesi;Yeni nesil bir telefon fiyatýný hak ediyor;ALTERNATÝFGRUP;3
180;MS;30 Mayýs 2022, Pazartesi;bildiðimiz samsung 2 gün beklemeden yeni cihaz çýkarýyor ve farksýz buna bir son ver samsung;MÇD BÝLÝÞÝM;0
181;MÞ;30 Nisan 2022, Cumartesi;Fiyat performans olarak baþarýlý bir telefon.;BittiBitiyor;1
182;ÖA;02 Mayýs 2022, Pazartesi;Begenerek aldýk,kullanýyoruz;ADALET ÝLETÝÞÝM;1
183;BM;05 Mayýs 2022, Perþembe;Þimdilik güzel.;Avrupa;1
184;SG;21 Mayýs 2022, Cumartesi;Bu paraya alinabilcek urun.;Avrupa;0
185;HÝ;18 Mayýs 2022, Çarþamba;Ürün hýzlý bir þekilde gönderildi. Kargo da hýzlýydý.;Avrupa;0
186;MÜ;19 Mayýs 2022, Perþembe;Bu fiyat bandýnda alýnacak en güzel telefon olduðunu düþünüyorum;Avrupa;0
187;MD;09 Mayýs 2022, Pazartesi;Ürün orjinal tþk ederim;Avrupa;0
188;ZÞ;09 Mayýs 2022, Pazartesi;çok iyi paketlenmiþti satýcýya teþekkür ederim;ALPASLAN ÝLETÝÞÝM;0
189;BA;10 Mayýs 2022, Salý;Harika çok beðendik....???????????;Avrupa;0
190;FH;12 Mayýs 2022, Perþembe;Fiyat performans ürünü;Avrupa;0
191;OS;22 Mayýs 2022, Pazar;Güzel ürün, hýzlý satýcý????;KýrmýzýElma;0
192;SK;23 Mayýs 2022, Pazartesi;Güzel telefon tavsiye ederim;BittiBitiyor;0
193;HA;19 Mayýs 2022, Perþembe;Fiyatý na göre çok üst seviye bir ürün;HAS ÝLETÝÞÝM;0
194;AS;30 Mayýs 2022, Pazartesi;Memnun oldum  güzel tavsiye ederim;Avrupa;0
195;ÜÇ;07 Haziran 2022, Salý;Hýzlý kargo teþekkürler;BittiBitiyor;0
196;HÖ;08 Haziran 2022, Çarþamba;Harika bir ürün;SERKANÝLETÝÞÝM;0
197;HD;09 Haziran 2022, Perþembe;Bu fiyata çok iyi;KýrmýzýElma;0
198;SK;08 Haziran 2022, Çarþamba;Ürün güzel kargo çok hýzlý geldi;FÝXELEKTRONÝK;0
199;ÖK;12 Temmuz 2022, Salý;Çok iyi;Avrupa;0
200;ÖK;12 Temmuz 2022, Salý;Çok iyi;Avrupa;0
201;MK;06 Temmuz 2022, Çarþamba;Güzel bir ürün;Azim Holding;0
202;CY;18 Mayýs 2022, Çarþamba;Gayet güzel telefon;Fýrsat Uygun;0
203;FG;23 Haziran 2022, Perþembe;Çok güzel telefon.Esime aldýk.Cok memnun.;KýrmýzýElma;0
204;BY;20 Haziran 2022, Pazartesi;Harika bir sekilde elime ulastý. Çok tesekkür ederim.??;TAÞTANLAR TÝCARET;0
205;SK;08 Haziran 2022, Çarþamba;Ürün güzel kargo çok hýzlý geldi;FÝXELEKTRONÝK;0
206;HÖ;08 Haziran 2022, Çarþamba;Harika bir ürün;SERKANÝLETÝÞÝM;0
207;YY;19 Eylül 2022, Pazartesi;Kullanýþlý;BittiBitiyor;0
208;MÖ;13 Mayýs 2022, Cuma;Gayet kaliteli bir telefon kesinlikle öneririm sorunsuz;Avrupa;0
209;SD;13 Eylül 2022, Salý;Teþekkürler;ARELNET ÝLETÝÞÝM;0
210;YY;19 Eylül 2022, Pazartesi;Kullanýþlý;BittiBitiyor;0
211;KÇ;02 Eylül 2022, Cuma;Hýzlý kargo;Macrocom;0
212;HÇ;07 Mayýs 2022, Cumartesi;Tavsiye ederim guzel telefon;Avrupa;0
213;GÇ;08 Mayýs 2022, Pazar;güzel cihaz biraz pahalý;ALTERNATÝFGRUP;0
214;BÝ;24 Mayýs 2022, Salý;Mukemnel;anadolutelekom;0
215;MC;01 Haziran 2022, Çarþamba;Güzel;TAÞTANLAR TÝCARET;0
216;GB;07 Haziran 2022, Salý;Süper;BittiBitiyor;0
217;AY;12 Haziran 2022, Pazar;Süper;KýrmýzýElma;0
218;EÞ;15 Haziran 2022, Çarþamba;Çok güzel;KýrmýzýElma;0
219;KK;21 Haziran 2022, Salý;Teþekkürler;KýrmýzýElma;0
220;CE;26 Haziran 2022, Pazar;Teþekkürler;KýrmýzýElma;0
221;SE;28 Haziran 2022, Salý;Ýyi;Avrupa;0
222;BB;09 Haziran 2022, Perþembe;Ürün harika;KýrmýzýElma;0
223;SÞ;30 Ocak, Pts;Güzel ama þarj hýzlý bitiyor s7 edge kullanan biri olarak daha yüksek þarj ömrü beklerdim;ALBAYRAK TEKNOLOJÝ;0
224;EK;30 Mart, Per;Fiyatýnýn en iyisi;Hepsiburada;0
225;GÝ;05 Nisan, Çar;Oyun beklentisi olmayan kiþiler için birebir bir telefon. Donma kasma yok. Ekranýn 90 hz olmasý güzel takýlma olmuyor. Bu fiyata bu telefon çok iyi. Tavsiye ederim.;Hepsiburada;0
226;MK;16 Ocak, Pts;Tam bir fiyat performans ürünü. Cihazý Hepsiburada'dan aldým, ertesi gün teslim edildi. Kutunun içinden þarj adaptörü de çýktý. Günlük kullaným için ideal.;Samsung Türkiye;0
227;TY;15 Þubat, Çar;Ürünü iki gündür kullanýyorum. Tüm beklentilerimi karþýladý. Bu fiyat aralýðýna göre alýnabilecek iyi bir telefon. Siz de benim gibi günlük kullaným, sosyal medya ve profesyonel olmayan fotoðraf çekiminde kullanacaksanýz harika bir seçim olacaktýr. Bir kýlýfla kullanlmasýnda fayda var çünkü yere düþerse gövdede kýrýklar oluþabilir. Ürün gayet güzel paketlenmiþ bir þekilde tam zamanýnda elime ulaþtý. Almayý düþünenlere tavsiye ederim.;Hepsiburada;0
228;OS;05 Haziran 2022, Pazar;hýz açýsýndan mükemmel iyi þarjý 1 gün hiç þarja takmadým 2. günün sonunda bile 30du ve uzun süre gidiyor o yönden çok iyi. onun haricinde kamera seçenekleri süper kaliteli çekimler yapýlýyor tabi bir iphone kalitesiyle karþýlaþtýrýlamaz ama fena deðil yine de. son olarak da rengi ve tasarýmý çok iyi sipariþ verdim ertesi gün ulaþtý çok tþekkür ederim ilginiz için :);BittiBitiyor;0
229;DÇ;28 Temmuz 2022, Perþembe;Ürünü alalý 1 hafta oldu fiyatýna göre alýnabilecek en iyi telefon kargo hýzlýydý tesekkürler;Cep Ekspress;0
230;MB;04 Ocak, Çar;Ürünü kendim için aldým. 3 gndür kullanýyorum. Gayet  güzel, hýzlý. donma yapmýyor. Ekraný baþarýlý ve kameralar tatmin edici. Eðer telfonla çok vakit geçirmiyorsanýz rahatlýkla kullanabileceðiniz bir model. Ürün orijinal kutusunda jelatinli ve özenli paketlenmiþ bir þekilde tam zamanýnda elime ulaþtý. Tavsiye ederim.;ucuzhepsi;0
231;OS;06 Haziran 2022, Pazartesi;Güzel ürün. Samsung kalite iphone almak tarih oldu.. 5temmuz2022 dolar 17TL  bunu ancak alabildik , zamanla bu cihazlarýda almak güçleþecek;BittiBitiyor;0
232;ÖÖ;05 Temmuz 2022, Salý;Güzel ürün tavsiye ederim.;MK SES TEKNOLOJÝ;0
233;BB;12 Ocak, Per;Mükemmel teþekkürler;Samsung Türkiye;0
234;AA;07 Ocak, Cts;Siyah istedik, gri geldi... neyse...;Samsung Türkiye;0
235;MA;30 Mart, Per;Ürunun on kamerasi bekleneni karsilamiyor , arka kamera cok tatmin edici performans camera cok guzel batarya guzel yeni nesil bir telefon almak isteyenler alabilir , 1 yildiz on kameradan kiriyorum , gerisi guzel ????;Hepsiburada;0
236;UD;29 Nisan 2022, Cuma;Gayet kullanýþlý bir telefon.Fiyat performans olarak deðerlendirilecek olursa gayet iyi.Satýcý güvenilir,ürünümü çabucak özenli bir þekilde kargoladý.Çok teþekkür ediyorum.;Cantek Ýletiþim;2
237;SÇ;06 Mayýs 2022, Cuma;Telefon gayet güzel, ekraný çok iyi 90hz olduðu için yað gibi kayýyor. Oyun performansýda iyi. Bu fiyata þuanki en iyi telefon denilebilir. Kargo çok hýzlý geldi.;Avrupa;1
238;ÝK;13 Mayýs 2022, Cuma;Hepsiburada zaten kendi kalitesiyle yolluyor.Paketleme güzeldi.5G Desteði olan modeli,kamerasý fiyata göre güzel.Tek sýkýntý 6.6 inç biraz büyük oldu babama almýþtým :);Avrupa;0
239;FE;06 Haziran 2022, Pazartesi;Çabuk ve güvenilir þekilde adresimize ulaþtý.Telefon beklediðimden çok çok iyi,büyük ihtimalle fiyatlar artacak ve satýn aldýðým fiyat ile aradaki fark artacak.Tavsiye ederim.;Hepsiburada;0
240;MD;26 Mayýs 2022, Perþembe;Babam için aldim fiyatýna göre alýnabilecek en iyi cihazlardan tam fiyat performans ürünü tavsiye ederim;Avrupa;0
241;FH;05 Aðustos 2022, Cuma;Hýzlý Ve Saðlam Geldi;ALPAY TEKNOLOJÝ;0
242;EÜ;12 Ekim 2022, Çarþamba;Mükemmel bir ürün. Ekraný ve kamere performansý beklediðimden daha iyi çýktý. Uzun yýllar kullanabileceðiniz kalitede bir ürün.;Hepsiburada;0
243;OÝ;13 Eylül 2022, Salý;Çok güzel istediðimiz gibi sorunsuz geldi herkese tavsiye ederim;Hepsiburada;0
244;ÞÇ;07 Eylül 2022, Çarþamba;Hýzlý ve saðlam geldi bu fiyata alýnabilecek en iyisi;TeknoSes;0
245;SG;21 Kasým 2022, Pazartesi;4 gündür kullanýyorum bi sýkýntý yok. Telefon çok hýzlý ulaþtý. Sipariþ verir vermez 5 dk içinde kargolandý ertesi gün elime ulaþtý. Bataryasý beklediðim kadar iyi deil bi gün gidiyor 24 saat falan daha iyi olmasýný beklerdim;MALIBU;0
246;BB;17 Kasým 2022, Perþembe;2 yýldýr kullanýyorum.  Herhangi bir sorun yaþamadým.;ANKATEKNOB;0
247;CT;01 Kasým 2022, Salý;Güzel telefon zamlardan önce almýþtým memnunum;Avrupa;0
248;HB;08 Kasým 2022, Salý;Ýyi;BATI ELECTRONICS;0
249;ÝM;27 Mart, Pts;Çok hýzlý ve güvenli teslimat fiyatýna göre gayet baþarýlý bir telefon tek eksiði parmak izi okuyucu ve kulaklýk da gelmedi.;Samsung Türkiye;0
250;AK;12 Haziran 2022, Pazar;Güzel kullanýþlý orta dereceli bir telefon;KýrmýzýElma;0
251;YA;09 Temmuz 2022, Cumartesi;Çok beðendim;Azim Holding;0
252;SK;30 Kasým 2022, Çarþamba;Hýzlý kargo;ANKATEKNOB;0
253;ÖB;16 Kasým 2022, Çarþamba;bu özellikte alýnabilecek telefon. tavsiye ederim.;gala iletiþim;0
254;NA;18 Mayýs 2022, Çarþamba;Güzel ürün biraz kasma oluyor ama idare ederi;HAS ÝLETÝÞÝM;0
255;ED;22 Mayýs 2022, Pazar;Pil biraz daha güçlendirilse mükemmel olur;Avrupa;0
256;ÝA;04 Haziran 2022, Cumartesi;Ambalajlama gayet güzel. Teþekkürler;Avrupa;0
257;MG;08 Haziran 2022, Çarþamba;Kargon hýzlý Geldi ürün gayet iyi SAtýcýya teþekkür ederim;KýrmýzýElma;0
258;ÞT;24 Haziran 2022, Cuma;Iyi;MARTEKNOLOJÝ;0
259;BA;29 Aðustos 2022, Pazartesi;Güzel ürün;Fýrsat Uygun;0
260;NG;29 Aðustos 2022, Pazartesi;Anneme aldýk, kamerasý düþük ýþýkta iyi iþ çýkarmýyor. Ekraný güzel ama kenarlarýnda böyle karartý var gibi geldi bana ama annemin hiç fark etmediði bir durum bu,  belki de ben çok detaycýyýmdýr. Pil ömrü harika bitmiyor adeta pili, yanýnda gelen þarj aleti de hýzlý þarj saðlýyor hýzlýca doluyor.;KýrmýzýElma;0
261;YG;17 Þubat, Cum;Telefonu kendime aldým, Samsung'u uzun zamandýr hiç sevmeyen birisi olarak söylüyorum gerçekten güzel bir telefon. Bunun yerine Xiaomi tercih edecektim ama bu sefer Samsung olsun dedim ve doðru tercih yaptýðýmý anladým. Kamerasý o kadar iyi deðil. bunu baþtan söylemek istiyorum ama akýcý bir telefon.;FavorimPazarlama;1
262;SP;16 Þubat, Per;Çok fazla beklentiniz yoksa çok güzel bir telefon, telefonun kullanýmý çok pratik, hýzlý donmasý kasmasý yok, sadece kamerasý vasat diyebilirim, kötü bir kamerasý yok fakat bu paralarada çok bi beklenti içine girmenek lazým sonuçta giriþ seviyesinin bi týk belki üstünde bir telefon;Hepsiburada;1
263;YÇ;18 Þubat, Cts;Kardeþime hediye olarak aldým,satýcýdan kulaklýk da rica etmiþtim saðolsun kýrmadýlar.3-4 ay oldu alalý þuan memnun bir sorun yok;Hepsiburada;0
264;YA;08 Nisan, Cts;Yaklasik 6 aydir kullaniyorum cok memnunum fiyatina gore alinabilecek bir telefon. Sarji 2 gun yetiyor blutoot surekli acik wifi surekli acik oldugu halde. Arti yonu fazla ekrani buyuk,agir degil, 6 aydir eksi yonleri neler diye sorarsaniz ekran isigi az cikiyor gunesli havalarda biraz sikinti oluyor onu disinda bi eksigi yok bence, kamerasina da 10 uzerinden 8 veririm.;beyazay teknoloji;1
265;AÇ;28 Temmuz 2022, Perþembe;Telefon arka kapakta imei no yazmýyor. Çift sim'li günlük kullaným için ideal. Annem için aldýk. Önemli olan þarjýydý. 1,5 - 2 gün kullanýma göre gidiyor. fiyat performans iyi ama S serisi galaxy performansý beklemeyin.;Avrupa;0
266;YÞ;25 Ocak, Çar;Ekran nadiren donup kalmakla birlikte icinde kulaklik olmamasi beni sasirtti kapali.kutu gelmesine ragmen;Samsung Türkiye;0
267;HO;13 Ocak, Cum;Kargo çok hýzlý. Bayi paketleme çok iyi teþekkürler e ticaret ailesi ????;Samsung Türkiye;0
268;HE;26 Ekim 2022, Çarþamba;Hiçbir maðazada samsung kalmamýþtý mecbur internetten aldým. Telefona bakarak aldým. Kamera idare eder onun dýþýnda çok güzel telefon.;ERC TEKNOLOJÝ DÜNYASI;0
269;AU;20 Eylül 2022, Salý;Fotoðraf çekerken telefon baya kasýyor bu kadar beklemiyorduk. Onun haricinde Samsung bilen bilir.;Hepsiburada;0
270;GB;25 Kasým 2022, Cuma;Cihaz güzel ancak belirgin bir müdahale olmadan ekranda çizik oldu.;gala iletiþim;0
271;AT;25 Kasým 2022, Cuma;Mantýklý Bi telefon;CEPGUNCEL;0
272;SD;21 Ocak, Cts;Ürün orijinal oðlum için aldým güzel telefon;CepteTek;0
273;RÇ;10 Ocak, Sal;Fiyatýna göre güzel;Harcabitmez;0
274;AY;06 Mart, Pts;Fiyatýna göre gayet yeterli bence..;smskurumsal;0
275;EÖ;15 Mart, Çar;Bu fiyat bandýndaki en iyi 2 3 üründen biri bence;Hepsiburada;0
276;BÜ;12 Mart, Paz;Hýzlý ve sorunsuz teslimat ,ihtiyacýmý karþýladý. Fiyat performanslý ürün bence.;RG Group;0
277;MÇ;25 Aðustos 2022, Perþembe;Harika bir telefon;ALTERNATÝFGRUP;0
278;GG;07 Ekim 2022, Cuma;Ürünü babam için aldýk, kullanýmý kolay çok çetrefilli bir þey deðil. Fiyat performans arýyorsanýz öneririm.;Hepsiburada;0
279;RY;17 Eylül 2022, Cumartesi;Son güncellemelerden sonra telefonun performansý arttý verilen paranýn karþýlýðý;Avrupa;0
280;ÖA;01 Eylül 2022, Perþembe;Ýþimizi görüyor çok para vermeye gerek yok;Kya Teknoloji Ýletiþim;0
281;HE;28 Kasým 2022, Pazartesi;Gayet güzel bir telefon ben memnun kaldým;ANKATEKNOB;0
282;MT;13 Kasým 2022, Pazar;Anneme aldýk. Çok memnun.;Zada Technology;0
283;ÖT;29 Ekim 2022, Cumartesi;Ýyiymiþ;KýrmýzýElma;0
284;AÝ;05 Mart, Paz;Teþekkürler;Samsung Türkiye;0
285;DD;31 Mart, Cum;Annem için aldýk yeterli, hatta annem gibi bir kullanýcý için baþarýlý bir ürün;Hepsiburada;0
286;MS;06 Haziran 2022, Pazartesi;Çok iyi gerçekten. Kulaklýk modda Dolby Surround desteðide var müzik dinlemeyi sevenler için.;ALTERNATÝFGRUP;0
287;KK;29 Haziran 2022, Çarþamba;gayet güzel ve  hýzlý bir þekilde ulaþýldý teþekkürler;KýrmýzýElma;0
288;SK;14 Eylül 2022, Çarþamba;Ürün gayet yeterli;3G Teknoloji;0
289;AA;26 Nisan 2022, Salý;Güzel ve kullanýþlý herkes alsýn teþekkürler kýzýl elma;BittiBitiyor;1
290;AC;16 Haziran 2022, Perþembe;Güzle urun;KýrmýzýElma;0
291;EÇ;12 Eylül 2022, Pazartesi;Fp ürünü;Mini XStore;0
292;GP;03 Haziran 2022, Cuma;Kargo baya korumalý saðlam þekilde geldi telefon geleli 1 hafta oldu þuanlýk sorun yok memnunum. Kamerasýna gelirsek arka kamera iyi baya ön kamera ise gündüz çekimlerinden fena deðil orta düzeyde alýnabilecek bir telefon gibi gözüküyor. Ayrýca içinden sadece þarj aleti çýkýyor haberiniz olsun.;Hepsiburada;0
293;BA;21 Kasým 2022, Pazartesi;Fiyatýna göre güzel bir telefon. Ekraný özellikle renkleri canlý gösteriyor ancak kamera bu telefonun diðer özelliklerine yakýþmamýþ.;VAROLÝLETÝÞÝM;0
294;AK;09 Kasým 2022, Çarþamba;Hýzlý teslimat eksi yonleri þarj kablosu çok kýsa ,kulaklýk kutudan çýkmýyor telefon hýzý kalitesi çok iyi teþekkürler;FÝXELEKTRONÝK;0
295;OM;02 Mart, Per;Çok kaliteli bir cihaz fiyatýna göre özellikle hoparlör sesi çok yüksek;Hepsiburada;0
296;LK;28 Mart, Sal;"Fiyat performans ürünü
Teþekkürler";Samsung Türkiye;0
297;EA;25 Mart, Cts;Fiyat performans ürünü diyebilirim;Elektromanya12;0
298;ZY;18 Mart, Cts;Þuan için bir sorun yaþamýyorum. Umarým uzun seneler sorunsuz þekilde kullanabilirim.;ANKATEKNOB;0
299;SE;20 Temmuz 2022, Çarþamba;Guzel telefon ne beklediginle alakalý, bu tel benim isimi gorur diyorsan al. baskasinin lafiyla baskasiyla kiyaslarsan en usttun bir alti bile seni mutlu ve memnun etmez. bu benim isimi fazlasiyla goruyor. tavsiye ederim.;güncel gross;0
300;BG;29 Haziran 2022, Çarþamba;Telefon iyi Dls 22 ve Asphalt 9 gibi grafik kalitesinin yüksek olduðu oyunlarda Orta ayarlarda kasmasýz iyi performans istiyor þarjý fena deðil ve f/p ürünü kesinlikle;Avrupa;0
301;PB;30 Haziran 2022, Perþembe;orta segment güzel bir cihaz;KýrmýzýElma;0
302;GD;09 Kasým 2022, Çarþamba;Babama aldýk memnun kaldý parasýna göre güzel bir telefon;özmert iletiþim;0
303;SÖ;26 Kasým 2022, Cumartesi;Uygun fiyat yeterli ürün;KýrmýzýElma;0
304;SC;22 Temmuz 2022, Cuma;Fiyatýna göre gayet güzel;EZL TEKNOLOJÝ;0
305;AT;03 Mayýs 2022, Salý;Fiyat prrformans ürünü  oðluma aldým gayet memnun;ALPASLAN ÝLETÝÞÝM;1
306;KK;29 Mayýs 2022, Pazar;Güzel telefon beklentilerimizi karþýladý;GÜVEN TEKNOLOJÝ1;0
307;SÇ;25 Mayýs 2022, Çarþamba;Güzel telefon;Hepsiburada;0
308;FB;14 Haziran 2022, Salý;Tavsiye ederim güzel ve þýk bir telefon;Han Mobile;0
309;OK;29 Haziran 2022, Çarþamba;Kýzým için almýþtým. 9 aydýr kullanýyor hiç bir sýkýntý yaþamadýk. Gayet memnunuz.;Avrupa;0
310;OM;25 Ocak, Çar;Herþey süper tek sorun kargo 1 haftada geldi.;Avrupa;0
311;KU;19 Mart, Paz;Fiyatýna göre ideal bir telefon;SARAY ÝLETÝÞÝM;0
312;AB;04 Kasým 2022, Cuma;Oyun telefonu deðil günlük kullaným için çok iyi süper amoled ekraný olmasý harika ama oyunda ýsýnmýyor ama performansý çok iyi deðil;Beþken Elektronik;0
313;NS;13 Eylül 2022, Salý;Fiyat/performans ürünü.;YAZAR SHOP;0
314;MÝ;08 Aðustos 2022, Pazartesi;Güzel iyi kullanýyoruz sýkýntý yok;CÝNCÝN;0
315;EG;18 Eylül 2022, Pazar;Kamerasý çok kötü;EGECEP;0
316;SD;23 Haziran 2022, Perþembe;Fiyatýna göre iyi bir telefon.. Tam anne baba telefonu..;Uygun Telefon;0
317;TE;02 Haziran 2022, Perþembe;Ýdare eder;KýrmýzýElma;0
318;TB;22 Haziran 2022, Çarþamba;1 yýldýz kýrmam üründen dolayý deðil lakin kargolama çok kötü idi bu kadar hassas bir elektronik cihazýn daha korumalý gelmesini beklerdim.;HAS ÝLETÝÞÝM;0
319;MG;04 Mart, Cts;Fiyayina göre iyi telefon a20 de amoled ekran varken a23 niye yok ondan puan kýrdým;Hepsiburada;0
320;SÇ;12 Aralýk 2022, Pazartesi;"Teþekkürler hepsiburada.
Akþam satýn aldým sabah teslim edildi";güncel gross;0
321;MY;04 Mart, Cts;Ürün güzel kargo hýzlý daha ne olacak;Hepsiburada;0
322;TT;28 Þubat, Sal;Kapali kutu geldi teþekkürler;Hepsiburada;0
323;IT;22 Ekim 2022, Cumartesi;Gayet gðzel;CEMRE ÝLETÝÞÝM HÝZMETLERÝ;0
324;IK;28 Þubat, Sal;Bataryasý çok uzun gitmiyor, kalbur üstü iyi bir telefon;Samsung Türkiye;0
325;AG;05 Aðustos 2022, Cuma;Kargo hýzlý geldi.Telefonu da beðendim.Ama içinden kulaklýk çýkmadý;Avrupa;0
326;GA;29 Nisan 2022, Cuma;Hýzlý gönderi bildiðim bir ürün .;Avrupa;1
327;EA;11 Aðustos 2022, Perþembe;Mükemmel;BTS;0
328;SA;12 Haziran 2022, Pazar;Cihaz için söylenecek bir þey yok. Zaten alanlar özelliklerine bakýp alýyordur. Günlük kullanýmda sizi üzmeyecektir. Kargo baþarýlý. Kýsa zamanda (1.5 gün) telefon elime ulaþtý. Yalnýz kutu biraz büyüktü. Ýçinde langýr lungur hareket ediyordu. Neyseki pat pat naylonla kaplamýþlar. Telefonun kutusunda herhangi bir deformasyon yoktu.;BittiBitiyor;0
329;BB;16 Eylül 2022, Cuma;"1.Kamerasý çok iyi 
2.Pil süresi çok iyi (kullaným)
3.NFC yi henüz çalýþtýramadýk samsung ile yazýþýyoruz.
4.Kumanda özelligi çalýþmýyor,samsung ile yazýþýyoruz 
5.Teleonla konuþurken 2 defa ses gitti kendilerine ilettim.
6.Nadiren çekmiyor sanýrým, ses robotik çýkýyor.
7.Ýçinden çýkan þarj aleti 8 saatte ful þarj ediyor (Rakamýn fazlasý var eksigi yok)
9.Bunlarý neden ben almadan önce kimse yazmamýþ,bizde almadan burayý okuduk,herkes kargocuyu vs. anlatmýþ????";Hepsiburada;0
330;CN;14 Mayýs 2022, Cumartesi;Kullanýþlý batarya uzun gidiyor..hýzlý þarj ile 1 saat gibi bir sürede doluyor;DADII;21
331;ÝÝ;30 Aralýk 2022, Cuma;Ýyi telefon memnunum;KýrmýzýElma;0
332;BÇ;07 Ekim 2022, Cuma;Hýzlý ve güvenli geldi fakat böyle cihaz alýp bu fiyata kulaklýk verilmemesi çok saçma olmuþ 3 haftadýr sorunsuz kullanýyorum;CEPGUNCEL;0
333;OA;13 Mayýs 2022, Cuma;Telefon güzel fakat ekranýnda küçük kýlcal bir çizikle geldi.;Avrupa;0
334;MA;21 Eylül 2022, Çarþamba;Telefon güzel. Eðer oyun oynayacaksanýz biraz sýkýntýlý olabilir. Onun dýþýnda ekraný 90hz bu çok iyi. Satýcý Samsung'tu, 1.5 gün içinde elime ulaþtý telefon. Alabilirsiniz telefonu. Kamerasý da üst düzey çekimler dýþýnda ideal. 10X zoom var fakat pikselleri sayýlabilir bazen. 50MP çekimi aþýrý iyi.;kuyuteknoloji;0
335;NA;14 Ocak, Cts;Telefon biraz büyük  ama hýzlý þarjý 4 Birgül kullandým sürekli elindeydi yam 1 gün gidiyor þarjý 1.30 dakikada doluyor;Samsung Türkiye;0
336;SE;24 Þubat, Cum;Tavsiye edilebilir bir ürün. Imei sorguladýk, imalat kayýtlý yazýyor sorun yok yani. Þuan için bir sorun yok tavsiye ederim;Hepsiburada;0
337;NK;12 Ekim 2022, Çarþamba;Boyutlarý elimle çok uyumludur. Görünümü de güzeldi;ENHIZLIBÝZDE;0
338;GA;22 Ekim 2022, Cumartesi;Telefon iyi eksisi büyük ve agir olmasý;SERKA ÝLETÝÞÝM;0
339;KY;26 Kasým 2022, Cumartesi;Ürün yazýldýðý gibi, kargo poþetindeki ayrýntý da gülümsetti;242castle;0
340;AS;22 Aralýk 2022, Perþembe;4 yýldýr kullandýðým 12mp lik mi A1 telefonumla neredeyse ayný goruntu kalitesine sahip.islemciye bataryaya laf yok hýzý makul.ama 4 kamera cok luzumsuz genis aci kamerasi berbat cekiyor hic koymasalarda olurmus.on kamera yeterli zaten fazlasi whatsap gorusmelerinde daha fazla veri transferi harciyor.50mp kamerasi guzel cekiyor.Makro kamerasida net ama 50mp kamera ya alinca da makro cekim oluyor diyafram 1.8 cunku. Video sarsinti onleyici cok ise yaramasa da kamerayi sallamadiginiz surece net goruntulu videolar cekiyor. Gece cekimlerinden fazla bisey beklemiyordum zaten ama yine de kapasitesine gore tatmin edici burda sizin ayarlariniz onemli. Samsung kamera ayarlari xiaomi mi modelleri kadar gelismis ozellikleri yok. Mesela netlik ayari yok sadece cozunurluk var.pro modu iso wd var sadece . Enstantane ozelligi yok gece cekimlerinde yansima ýþýk efekti yapilamiyor.cogu eski telefonda bile var. Samsung kullanmayali 6 sene oluyor marka kendini bozmus diyebilirim .arkadaslarimdaki samsung modellerinde de sadece bu kadar ozellik oldugunu gordum cunku.Ayni seviye de redmi 10 serisine yonlenmenizi tavsiye ederim. Tabi derdiniz benim gbi fotografsa. deneme firsatim oldu acikcasi samsung modellerden iyiler. Hatta paraniz varsa mi serisi alin.Samsungun tek farki az ozellikle bize cok pahalliya kitlemek olmus gibime geldi. Kargo aldigim aksamin sabahi cikti yola 3 gun sonra ulasabildi. Samsung Kutusunun kosesi yirtikti ama paket acilmamisti.Fatura yoktu neden? Iade etmeyelim diye mi.Neyse ki telefon sorunsuz iki hat yuvasida kayitli.neyse kisiye gore istekler degisir kisacasi ona gore alin. Bazilari yok bozuk sarji az falan demisler ama oyle sorunlar yok sarji elimden dusmese de 6saat dayaniyor. Onlarinki fabrika hatasi sorunlu belliki garantiye gondermeleri gerek.;SARAY ÝLETÝÞÝM;0
341;EY;18 Temmuz 2022, Pazartesi;Cihaz fena deðil markasý güzel.Alacaklara kýsaca cihaz firma garantili geliyor sadece faturasý  Türkiye garantili imei numarasýný sorgulatabilirler onun dýþýnda güzel denebilir.;ÝSTANBUL GSM;4
342;ÝE;02 Aðustos 2022, Salý;Güzel urun;ALPAY TEKNOLOJÝ;0
343;KD;16 Ekim 2022, Pazar;Telefonu 1 aya yakýn kullanýyorum bir tek bataryasi memnun etmedi beni , eski telefonum M serisiydi bataryasi 5000mAh di ama 2 gün kullaniyordum bu telefon sadece 1 gün kullanabiliyorum , kamera harika net fotograflar alýyorum,  90 hz ekran yenileme hýzý var ama çok güc tüketiyor o yüzden kullanmýyorum ama cok akýcý oluyor;Azim Holding;0
344;FA;08 Kasým 2022, Salý;Samsung marka telefon gayet güzel fotoðraf çekimi ses kalitesi gayet güzel müzik dinlerken sesi harika;ANKATEKNOB;0
345;SÞ;04 Nisan, Sal;Güzel fena deðil;Hepsiburada;0
346;BÖ;10 Nisan, Pts;Ýdare eder;Hepsiburada;0
347;BB;10 Haziran 2022, Cuma;Ekranýn üst tarafýndaki yazýlarýn çok küçük olmasý dýþýnda tenkit edilecek bir tarafý yok bence. Güzel bir ürün. Satýcý da tam puan almayý hak ediyor.;CEMRE ÝLETÝÞÝM HÝZMETLERÝ;0
348;NY;28 Eylül 2022, Çarþamba;Fiyatýna göre oldukça kaliteli duruyor.Batarya ve iþlemci çok iyi.Ekranýn büyük olmasý da ayrý bir güzellik.Kamera olarak beklentiye göre deðiþir.10 üzerindne 6  verilebilir.;ceylan iletiþim;0
349;MG;11 Haziran 2022, Cumartesi;Ürün zaten arastirmiþtik ogluma aldim harika olan hepsi buradanin sistemi ve anlayiþi cihaz sik ve guzel teþekurler hepsibura;Avrupa;0
350;OÇ;18 Haziran 2022, Cumartesi;Rengi bebek mavisi hiç beðenmedim buz mavisi bekliyordum;KýrmýzýElma;0
351;AM;11 Kasým 2022, Cuma;GÜZEL;ANKATEKNOB;0
352;CM;08 Kasým 2022, Salý;Baþarýlý, fiyat performans ürünü;Cepsoft;0
353;NY;26 Mayýs 2022, Perþembe;Fiyatýnýn çok çok iyisi bi cihaz, sadece ön kamera biraz beklentileriniz altýnda kalabilir geri kalan tüm özellikler 5 / 4 diyebilirim, satýcý çok iyi bir þekilde kargolamýþ ekstra koruma poþeti içinde, 2 gün kargolama süresi biraz uzun geldi ama geri kalan bi sýkýntý yaþamadýk, Samsung sistemden check ettim garantisini þimdilik sorunsuz.;MERSÝN MOBÝLE;0
354;MY;12 Haziran 2022, Pazar;Ürünü eþime aldým severek kullanýyor,þarj süresi çektiði resimler gayet güzel.Çok beklentisi özellik arayanlara hitap etmeyebilir.Bu fiyata super performans…;KýrmýzýElma;0
355;MA;11 Nisan, Sal;Çok fotoðraf/video çekiyorsanýz kamerasý daha iyi modellere bakýn. Yoksa hýzý, kapasitesi iyi. Ekran amoledlere göre farklý zaten bu amoled deðil. Farketmediyseniz belirteyim. Bu durumu kötü gibi algýlamayýn. Ama bir maðazada karþýlaþtýrýn belki hoþunuza gider. Telefonu çok üst düzey kullanmýyorsanýz A23 size fazlasýyla yeter. Dediðim gibi, günde 50 kere fotoðraf/video çekiyorsanýz daha üst modellere bakýn, arada sýrada lazým oluyorsa daha düþük modellere bile bakabilirsiniz.;Samsung Türkiye;0
356;MA;23 Mayýs 2022, Pazartesi;Elime kýsa sürede ulaþtý çok teþekkur ederim mavi rengi de güzel;Avrupa;0
357;YF;05 Þubat, Paz;Güzel tavsiye ederim;Zada Technology;0
358;EG;05 Nisan, Çar;Biraz aðýr;Hepsiburada;0
359;BD;01 Nisan, Cts;Telefon genel olarak orta sekmentte bir cihaz..bataryasindan bahsetmek gerekirse 5000 mh ben beðendim.;Hepsiburada;0
360;ÝÝ;20 Temmuz 2022, Çarþamba;Ortalama ürünlere bile yüksek fiyatlarýn olduðu bu kötü dönemde, iyi bir telefon.;KýrmýzýElma;0
361;CM;05 Eylül 2022, Pazartesi;Ürün piyasadaki diðer ürünlerin fiyatýna göre gayet güzel;tek iletiþim;0
362;NÖ;16 Kasým 2022, Çarþamba;Ürün fiyatýna göre gayet güzel;gala iletiþim;0
363;NÖ;16 Kasým 2022, Çarþamba;"Ürün fiyatýna göre gayet güzel 
Paketleme süper, MNG kargo da hýzlýydý";gala iletiþim;0
364;NÖ;16 Kasým 2022, Çarþamba;Fena deyil;gala iletiþim;0
365;AY;26 Mart, Paz;"Kamerasý a30 dan biraz kötü
Ýçinden kulaklýk kýlýf çýkmýyor artýk
Þarj kablosu aþýrý kýsa 1m bile yok";ESTEKMARKETÝM;0
366;ÞU;25 Haziran 2022, Cumartesi;Iyi;Han Mobile;0
367;AU;03 Aralýk 2022, Cumartesi;Orta segmentin en iyi telefon onlarýn arasýnda;ERC TEKNOLOJÝ DÜNYASI;0
368;RA;19 Mayýs 2022, Perþembe;Güzel;BittiBitiyor;0
369;AD;08 Aðustos 2022, Pazartesi;Kullanýþlý;Fýrsat Uygun;0
370;MK;13 Eylül 2022, Salý;Ýþlemcisinden dolayý tercih sebebim oldu. Kamerasý iþlemcisi ekran boyutu vs f/p ürünü. Bu fiyatlarda mevcut ekonomik koþullarda size orta vadeyi atlatabilecek bir cihaz.;Hepsiburada;0
371;EB;21 Mayýs 2022, Cumartesi;Ýþimi görüyor. Hafýza yeterli fiyatýna göre iyi bence. Beþ yýl kullanýlýr kapasitesi yeterli;MARTEKNOLOJÝ;0
372;IÇ;04 Ekim 2022, Salý;Þarjda iken ýsýnýyor.  onun dýþýnda güzel  maþallah;Class Ýletiþim;0
373;ÖZ;09 Aralýk 2022, Cuma;Fiyat performans ürünü;BittiBitiyor;0
374;ZÖ;11 Eylül 2022, Pazar;Mükemmel ??;ALMÝRA GROUP;0
375;HU;01 Mayýs 2022, Pazar;Ýþlemcisi hýzlý. Kamerasý çok çok iyi deðil ama idare eder. Telefon biraz büyük bir telefon bence;Avrupa;0
376;BÜ;13 Kasým 2022, Pazar;Fiyatýna göre idare eder iþte.;Birtane Telekom;0
377;SA;27 Mart, Pts;Güzel telefon oðlum için aldým ona yeterli düzeyde fiyatýna göre telefon;BittiBitiyor;0
378;ÝT;12 Aðustos 2022, Cuma;Fiyata Göre uygun bir telefon. günümüz þartlarýný ucu ucuna karþýlayýp iþlerinizi halledebilirsiniz;MK SES TEKNOLOJÝ;0
379;YE;09 Temmuz 2022, Cumartesi;Kulaklýktan dahi kar amaçlanmýþ. Ürün kutusunda kulaklýk çýkmýyor.;Mini XStore;0
380;HY;07 Mayýs 2022, Cumartesi;Þarjý çabuk bitiyor sürekli sarjdayiz;Avrupa;0
381;AY;18 Mayýs 2022, Çarþamba;Ürünü henüz kullanmadýk, saðlam bir þekilde geldi.;Hepsiburada;0
382;ÇÞ;22 Eylül 2022, Perþembe;Þarj konusundan dolayý almýþtým ama bahsedildiði gibi þarjý çok dayanmýyor malesef kamerasý güzel ekraný bazen donma yapýyor harfleri karýþtýrýyor. Onun dýþýnda kablolu kulaklýk olmamasý tam bir fiyasko. Kargo hýzlýydý.;smskurumsal;0
383;SD;06 Kasým 2022, Pazar;orta sinif;ALTERNATÝFGRUP;0
384;MI;14 Eylül 2022, Çarþamba;Ürünü beðendim inþallah hep böyle iyi olur..;ALBAYRAK TEKNOLOJÝ;0
385;BG;01 Eylül 2022, Perþembe;Güzel;Macrocom;0
386;MK;19 Ekim 2022, Çarþamba;Ürünü beðendim açýkçasý ama mikrofon ve seste sorunlar çýktý uygulamalarda donma oluyor memnun kaldýðým bir telefon ama sorunlarý rahatsýz ediyor ekran kendi kendine kararýyor falan belirli sorunlar;Hepsiburada;0
387;MÖ;24 Haziran 2022, Cuma;Kulaklik yok þarjkablosu dandik geldi gozume ama piyasanin 300-400tl altinda almak istersen bukadar olur telefon gayet iyi;Avrupa;0
388;EÖ;23 Haziran 2022, Perþembe;Fiyatýna göre iþinizi görür, plastik arka kapak kalite(siz) farkýný hissettiriyor;Avrupa;0
389;CY;01 Aðustos 2022, Pazartesi;Sipariþ verdikten sonra 3 günde geldi.Fakat Ýnternet eriþimi sürekli kopuyor ve arama yapma çok yavaþ.umarim telefon arýzalý deðildir.;ALTERNATÝFGRUP;0
390;MÞ;11 Kasým 2022, Cuma;Cihaza göre fiyatý pahalý bu fiyata baþka marka daha üst madeller alýna bilir;erdemiletiþim;0
391;OS;30 Ocak, Pts;Çok iyi;TK  MARKET;0
392;MÇ;10 Kasým 2022, Perþembe;1 aydýr kullanýyorum çok memnunum. Tüm özellikleriyle parasýný hak ediyor.??;SERKA ÝLETÝÞÝM;0
393;SB;28 Þubat, Sal;Babama aldýðým için çok önemli deðil fakat: Üründe 4k video kaydý özelliði yok, samsung tr sitesinde de bilgi yanlýþ. maksimum 1080p 30 kare kayýt var. yabancý sitelerden de teyit edebilirsiniz.;Samsung Türkiye;0
394;IS;22 Mayýs 2022, Pazar;Hýz anlamýnda beklentisi olan farklý modellere yonelebilir. Þarjý hýzlý doluyor ama çabuk bitiyor;Hepsiburada;1
395;TE;28 Eylül 2022, Çarþamba;Urunu alali 2 ay oldu kamerasi cok kötü  diger ozellikleri orta seviyede kesinlikle tavsiye etmiyoruz lutfen dikkarmt edin;FÝXELEKTRONÝK;0
396;KA;23 Temmuz 2022, Cumartesi;1 aydir kullaniyorum.iyi ama en boy orani cok ayarsiz.;BittiBitiyor;0
397;BA;28 Ekim 2022, Cuma;Kamera berbat.;Hepsiburada;0
398;YY;12 Haziran 2022, Pazar;Kamerasý çok iyi deðil;KýrmýzýElma;0
399;MY;12 Aðustos 2022, Cuma;Ertesi gün teslim edildi satýcý baþarýlý telefona kýlýf almaya gittiðimde satýcý kaça aldýnýz diye sordu söyledim çok uygun fiyata almýþsýnýz nereden aldýnýz diye sordu. Kýsaca fiyatý iyi, telefon güzel, kargo hýzlý ??;AKDENÝZ ÝLETÝÞÝM;0
400;DÇ;06 Nisan, Per;Yaþlý kiþiler için uygun. Genç birisi üründen memnun kalmayacaktýr.;Hepsiburada;0
401;MT;28 Ocak, Cts;Güzel bir urun;BittiBitiyor;0
402;YÇ;05 Mart, Paz;Güzel cihaz hatasýz geldi kargo özenliydi;TREND MOBÝLE;0
403;FP;15 Aralýk 2022, Perþembe;Ýyi fiyat;ÝSTANBUL GSM;0
404;EE;17 Ocak, Sal;Gayet güzel;Samsung Türkiye;0
405;EK;16 Mart, Per;Hýzlý sorunsuz teslimat;Hepsiburada;0
406;YA;07 Temmuz 2022, Perþembe;Kamera batarya ekran kalitesi mukemmel;HAS ÝLETÝÞÝM;1
407;FC;17 Mayýs 2022, Salý;Cok süper hizli kargo;BittiBitiyor;1
408;TD;19 Mayýs 2022, Perþembe;TEÞEKKÜRLER....MÜKKEMEL PAKETLEME...;Avrupa;0
409;MK;21 Mayýs 2022, Cumartesi;Telefonun ekraný çok geç tepki veriyor. Arama yapmak için bastýðým tuþ en az 20 saniye sonra çalýþýupr. Bir aylýk telefonu servise götürmek içime sinmiyor açýkçasý.;Avrupa;0
410;ÝT;18 Aðustos 2022, Perþembe;Ýyi;MK SES TEKNOLOJÝ;0
411;AÖ;02 Haziran 2022, Perþembe;Çok beðendim;Fýrsat Uygun;0
412;ÖK;16 Mart, Per;Kutu içeriðinde kulaklýk yok.?;3G Teknoloji;0
413;EG;06 Ocak, Cum;Avrupa isimli satýcýdan önce Mavi rengini birkaç gün sonra da Siyah rengini aldým. Gayet ilgili ve sorduðum soruya hemen cevap verdi. Kargo yarýn kapýnda hizmeti ile ertesi gün geldi. 2. Telefonum yarýn kapýnda olmadýðý halde ayný gün kargolanýp ertesi gün kargo geldi. 2. Telefonu alma sebebim ise zaten satýcýnýn verdiði güvendi. Kargo paketlemesi gayet güzeldi ve telefonlar kapalý kutu olarak geldi. Jelatin yoktu gerçi hiçbirinde yok herhalde. Bu þekil devam etmesini temenni ederim. M52 5G almýþtým 2 adet baþka firmadan onlar daha kullanmadan ekraný ve kasasý ýsýnýp þarjý bitiyordu. Onlarý iade etmistim. Samsung Galaxy A23 e karar verdim. Avrupa satýcýsýna teþekkür ederim. Hayýrlý müþteriler. Bereketli kazançlar.;ELEKTROMANYA;0
414;ND;15 Mayýs 2022, Pazar;Ýlginçtir. Yenisiyle deðiþtirme kampanyasýndan faydalandým. Ürünü firma anýnda kargoya verdi. Ama hepsijet kargo saðolsun 1 haftada ancak teslim etti. Diðer taraftan deðiþim için gönderdiðim telefonun ücretini söyledikleri gibi ve hiç fiyat indirmeden hesaba yatýrdýlar. Kötü bir durum olsa heryerde paylaþacaktým. Ama iyi bir durum olduðu için yine paylaþmak istedim. Yeni Telefonu da aldým eski telefonun da ücretini aldým.;Avrupa;0
415;BG;26 Temmuz 2022, Salý;Gayet kullanisli orta seviye  is gorur bir telefon asiri telefonla vakit gecirmicekler icin ideal ekran boyutu iyi pil iyi;Azim Holding;1
416;AL;13 Mart, Pts;Orjinal Samsung garantili ürün saðlam bir þekilde teslim edildi, tam bir f/p telefonu teþekkürler HB;Samsung Türkiye;0
417;SY;11 Nisan, Sal;Güzeldi kardeþime aldým hediye çok beðendi tam bir fiyat performans ürünü????;Hepsiburada;0
418;SA;11 Nisan, Sal;Kargo hýzlý. Telefon güzel paketlenmiþ ve sorunsuz teslim aldým. Babam hediyesini çok beðenecek satýcýya teþekkür ediyorum, hayýrlý kazançlar diliyorum ??????;HAN MOBILE;0
419;ÞB;28 Kasým 2022, Pazartesi;Fiyat performans telefonu. Ýþ görüyor. Satýcýya gelince, ürünü siyah sipariþ etmiþtim ancak stokta olmadýðý gerekçesi ile bilgim dýþýnda mavi gönderildi. Madem stokta yok niye var denir anlamak mümkün deðil. Acil telefon ihtiyacýndan iade etmedim. Özetle telefon güzel ama daha güvenilir bir satýcýdan alýn derim.;SERKA ÝLETÝÞÝM;1
420;ED;02 Kasým 2022, Çarþamba;Bu telefondan gayet memnunuz þu ana kadar þirket kullanýmý için 6 adet aldýk. Þirket veya özel cep telefonu düþünecek olursanýz çok iyi olduðu yönünde tavsiye ederim.;Harcabitmez;0
421;GK;12 Kasým 2022, Cumartesi;Tüketiciler için ürün kalitesinden öte en önemli þey güven kazanýmýdýr. Güzel bir cepntelefonu aldýk kutusu jelatini açýlmamýþ çok teþekür Ederiz. Allah bereket versin.;gala iletiþim;0
422;ÇD;15 Kasým 2022, Salý;Tel. çok hoþ, çok güzel, kullanýþlý tavsiye ederim.kargoda zamanýndan önce sorunsuz teslim etti. teþekkürler hepsiburada;ANKATEKNOB;0
423;AU;22 Mart, Çar;Çok memnunum;Hepsiburada;0
424;YÖ;01 Nisan, Cts;Ýhtiyaçlarý karþýlar ekrana dokununca renkleri kristallesiyor keþke amoled ekran olsaydý;Zada Technology;0
425;CD;28 Mart, Sal;Günlük kullaným için gayet iyi. Yüksek donaným isteyen oyunlar için tatmin etmeyebilir.;KRAFT DTM;0
426;UK;06 Mart, Pts;Bu fiyata bu performans gayet iyi;Hepsiburada;0
427;ND;07 Nisan, Cum;Fiyatýna gore ??;KRAFT DTM;0
428;ÖH;07 Nisan, Cum;Güzel cihaz F.P;Hepsiburada;0
429;MS;05 Nisan, Çar;Telefon yollanma sürecinde satýcý çok yardýmcý oldu çok tesekkur ederim;Hepsiburada;0
430;ÞG;16 Kasým 2022, Çarþamba;Ürün gönderimi ile ilgili ambalajlama ve paketleme aþýrý özensiz geldi ve telefonun kutusunda normalde jelatin olmasý gerekirken jelatinisiz geldi. Bu Ürünü bu siteden alacaklar bir kez daha düþünsün. Telefonu anneme almýþtým ve kurmuþ bulunmuþlar kurmasaydýk kesinlikle geri iade ederdim. Böyle müþterinin içinde soru iþareti býrakan bir mecradan telefon almayý düþünmüyorum.;SERKA ÝLETÝÞÝM;1
431;UÇ;01 Nisan, Cts;Ürün 24 satte balýkesir e evime ulaþtý. Saðlam ve güzel paketlenmiþti. A23 le ilgili ilk izlenimlerimizde güzel ve kaliteli bir telefon. Ips ekran iyi. Kamerasý ve kamera yazýlýmlarý güzel.;Hepsiburada;0
432;CA;15 Temmuz 2022, Cuma;Telefonum zamanýnda teslim edildi.telefon güzelmemnun kaldým;FÝXELEKTRONÝK;0
433;HM;05 Ekim 2022, Çarþamba;Cihaz için lafa gerek yok kanýtlamýþ bir marka. Kargo ve paketleme çok özenliydi;anililetisim;0
434;BT;06 Ekim 2022, Perþembe;Koç iletiþime çok teþekkür ediyorum. Özenli paket ,açýlmamýþ güvenlik þeridli kutuda telefon.Samsung Türkiye garantili bandrollu kutuda geldi telefon.Firmaya tekrar teþekkür ediyorum;GES AKS;0
435;AY;23 Eylül 2022, Cuma;Fiyatýna göre çok güzel bir F/P ürünü Selfie kamerasý o kadar iyi deðil ama normal kamerasý cam gibi.;KOÇ ÝLETÝÞÝM;0
436;RA;06 Aralýk 2022, Salý;Kargo hýzlýydý ama kutu yýrtýktý;Avrupa;0
437;FB;15 Ocak, Paz;Harika ürün coc guzel;CepteTek;0
438;HK;11 Ocak, Çar;Hepsiburada kalitesinde hýzlý gönderim;Samsung Türkiye;0
439;UK;19 Þubat, Paz;Fiyat performans cihazý tavsiye ediyorum;Hepsiburada;0
440;TT;02 Mart, Per;Hepsiburada kalitesinde hýzlý gönderim;Hepsiburada;0
441;UK;19 Þubat, Paz;Þu ana kadar bir sýkýntý olmadý. Teþekkürler;Hepsiburada;0
442;ÝA;17 Mart, Cum;1 gün içinde elime ulaþtý. Fiyatýna göre kullanýþlý.;Hepsiburada;0
443;YA;30 Mart, Per;Kullanýþlý;Hepsiburada;0
444;AG;03 Nisan, Pts;Annem icin almistim.bir sikayeti yok.;MARTEKNOLOJÝ;0
445;KK;21 Þubat, Sal;Hýzlý teslimat ürün jiletinli kutusun da geldi satýcý firmaya çok teþekkürler;CEMRE ÝLETÝÞÝM HÝZMETLERÝ;1
446;ÝD;11 Aðustos 2022, Perþembe;Bütün ihtiyacýnýzý gideren bir telefon. Fiyati makul.Telefona yatýrým yapýp aylarca taksit ödemek bana akýllýca gelmiyor.;BTS;0
447;ÖA;21 Aðustos 2022, Pazar;Is gorur ama bozuk ciktimi firma kesinlikle kabul etmiyo..urun acildigi icinmis nekadar sacma acmadan nasl anliycz bozuk olup olmadigini;SKY GSM KOZMETÝK;0
448;MA;27 Eylül 2022, Salý;Eþime almýþtým çok memnun;Uygun Telefon;0
449;KY;27 Ekim 2022, Perþembe;Is gorur ama bozuk ciktimi firma kesinlikle kabul etmiyo..urun acildigi icinmis nekadar sacma acmadan nasl anliycz bozuk olup olmadigini;CEPGUNCEL;0
450;MA;27 Eylül 2022, Salý;Kargo hýzlý geldi. Ve telefon beklediðimiz gibi güzel ve þýk;Uygun Telefon;0
451;AÇ;19 Kasým 2022, Cumartesi;Hediye aldým kullanmaya baþladýk güzel sorun yok;Ravza iletiþim;0
452;MÇ;09 Kasým 2022, Çarþamba;Mükemmel;ÝSTANBUL GSM;0
453;LK;09 Þubat, Per;Super;ANKATEKNOB;0
454;TT;02 Mart, Per;Giriþ segmentinde iyi idare eder;Hepsiburada;0
455;ÞA;28 Ocak, Cts;Fiyat performans ürünü;Hepsiburada;0
456;SG;14 Mart, Sal;Telefon çok güzel, satýcý Taþtanlar Ýletiþim den aldým, geç kargoya veriyor, be mesajla ne de telefonla ulaþýlamýyor, tüm iletiþim kanallarý kapalý, paketlenmesi iyiydi;Hepsiburada;0
457;MG;01 Mayýs 2022, Pazar;Kutu ve paketleme gayet iyi ürün gayet kaliteli ve fiyat gayet iyi;TAÞTANLAR TÝCARET;2
458;HB;13 Nisan 2022, Çarþamba;Hýzlý kargo, düzgün ambalaj;MÝRAY ÝLETÝÞÝM;1
459;ÖD;03 Aðustos 2022, Çarþamba;"zamanýnda teslimat için teþekkürler. ayrýca satýþ temsilcisi ilgi ve alakasý için teþekkür ederim.
ürün þýk duruyor.";ALTERNATÝFGRUP;0
460;SÇ;23 Haziran 2022, Perþembe;Henüz bir sorun yasamadik;Class Ýletiþim;0
461;SK;13 Eylül 2022, Salý;Henüz yeni aldým. Ama bu fiyata mükemmel ürün;GES AKS;0
462;AÇ;24 Eylül 2022, Cumartesi;10 numara;Hepsiburada;0
463;SÝ;01 Aralýk 2022, Perþembe;Güzel;TAÞTANLAR TÝCARET;0
464;AD;16 Kasým 2022, Çarþamba;Güvenilir.;erdemiletiþim;0
465;AT;02 Aralýk 2022, Cuma;Kamera özellikleri tatmin etmedi. Fotoðrafý çektiðimde 1 saniye kadar beklemem gerekiyor. Bu durum hoþuma gitmiyor. Ekran olarak ekrana bazen bi kac defa týklayýnca yapacagim iþlem gerçekleþiyor.Görüntü kalitesi bence düþük.Þarjý uzun süre dayanýyor. Öncesinde note5 kullanýyordum bu telefon ile kiyaslayinca note5i gözlerim arýyor.;ANKATEKNOB;0
466;BD;28 Aðustos 2022, Pazar;Msj yazamýyorum bastýðým harfler deðilde hep baþka harfler çýkýyordu iade ettim busefer satýcý hepsiburadadan aldým ama gene ayný sorunsuz iade ettim;HAS ÝLETÝÞÝM;4
467;HA;15 Mart, Çar;Telefonda ses sorunu var karþý tarafýn sesi kendisine geri geliyor onun için iade ettim;Hepsiburada;1
468;ZG;06 Nisan, Per;Orjinal ürün, satýcý ilgili, kargo çok iyi.;Hepsiburada;0
469;ÜB;14 Mayýs 2022, Cumartesi;Sorunsuz elime ulaþtý ,hediye içinde çok teþekkür ederim ??;Azim Holding;0
470;YM;30 Mayýs 2022, Pazartesi;"Ürünü herkes bilir, yada araþtýrýr.
Ben satýcýyý öneririm";CEP BORSA 02;0
471;ÇB;10 Haziran 2022, Cuma;Güzel ürün. Kulaklýk artýk çýkmýyor telefonlarda, bu kötü bir þey.;KýrmýzýElma;0
472;MB;17 Haziran 2022, Cuma;Beklentimizin üzerinde bir alýþveriþ idi. Gayet memnun kaldým;KýrmýzýElma;0
473;BD;18 Haziran 2022, Cumartesi;beðendim;KýrmýzýElma;0
474;MT;19 Temmuz 2022, Salý;Teþekkürler;Kya Teknoloji Ýletiþim;0
475;CE;03 Aðustos 2022, Çarþamba;Guzel;New-Time;0
476;MK;25 Eylül 2022, Pazar;5gsi yok;TEKNOSELL;0
477;MU;13 Aralýk 2022, Salý;Ederi 4 bin max;Hepsiburada;0
478;EK;16 Ocak, Pts;"Beyaz istedik Siyah istemedik. Niþanlým uðraþmak istemediði için kullanýyor. Ben kullanacak olsaydým direk iade ederdim.
Bile bile siyah gönderdiðiniz için 1 puan kargo hýzlýydý baþka bir artýsý yok.";MaviGSM;1
479;EA;20 Aðustos 2022, Cumartesi;Telefon iki günde ikiye ayrýldý ve kullanýcý hatasý diyorlar. Bir daha asla Samsungtan biþi almam herkese de anlatýyorum.;anililetisim;3
480;TK;20 Ocak, Cum;Kamera berbat kasýyor,ekran teknolojisi zaten eksi ama fp olarak baktýðýmdan aldým , keþke bi týk daha param olsaydý bunun yüzüne bakmazdým;BittiBitiyor;1
481;IA;04 Eylül 2022, Pazar;hasarlý ürün gönderilmiþ bataryasý þiþ ,çizik  ve jelatinsiz;BittiBitiyor;3
482;OÖ;12 Ocak, Per;Begenmedim;Samsung Türkiye;0
483;MÞ;04 Nisan, Sal;Berbat satýcý;gala iletiþim;0
484;OB;10 Nisan, Pts;Cok iyi;KRAFT DTM;0
485;AK;18 Mayýs 2022, Çarþamba;Gayet güzel;KýrmýzýElma;0
486;ÝA;18 Mayýs 2022, Çarþamba;Güzel.;TEKNOLOJÝ DÜNYASI 01;0
487;AT;26 Mayýs 2022, Perþembe;Fiyat performans açýsýndan gayet ideal bir telefon.;DÜNYA BÝLÝÞÝM;0
488;ED;13 Haziran 2022, Pazartesi;Telefon da þebeke hatasý var konuþurken sürekli kesinti yaþýyorsun diðer özellikleri yeterli;BittiBitiyor;0
489;NK;11 Temmuz 2022, Pazartesi;Ýyi baþarýlý;ÝSTANBUL GSM;1
490;GG;25 Haziran 2022, Cumartesi;Vasat bi telefon beklentilerimi karþýlamadý tavsiye etmem;KýrmýzýElma;0
491;AG;21 Þubat, Sal;Þarjý 1 gün gidiyor kamerasý parasýna göre iþte;EGECEP;0
492;EM;08 Mart, Çar;Ürün kesinlikle fiyatýný hakketmiyo 3000 lira cývarýnda olmalý bu telefonlar;Hepsiburada;0
493;EY;25 Ekim 2022, Salý;Fiyat performans ürünü.;Hepsiburada;2
494;MÇ;31 Ekim 2022, Pazartesi;baþarýlý;Hepsiburada;0
495;FÖ;24 Mart, Cum;Hepsiburada ile ilgili sorun yok. Telefon çok kalitesiz bu paraya deðmezmiþ.;Azim Holding;0
496;MD;20 Ekim 2022, Perþembe;Sadece satýcýnýn ürün paketleme ve kargolama süreci çok hýzlýydý fakat telefon vasatýn vasatýn j5 telefonumun kamerasý bile bundan güzel ve aþýrý ýsýnýyor telefonda vakit gecirmedigim halde þarjý çok çabuk bitiyor.. maalesef hayal kýrýklýðý.;Hepsiburada;1
497;SC;06 Haziran 2022, Pazartesi;Ýlk kullanýmda þarjý hemen bitti þarjdayken de ýsýnýyor;Azim Holding;2
498;FO;02 Aralýk 2022, Cuma;Tel kutusundan kulak ekran koruyucu kýlýf hiçbir þey yok hiç memnun deðilim;ANKATEKNOB;0
499;EA;08 Temmuz 2022, Cuma;Dokunmayýn arýzalý;HAS ÝLETÝÞÝM;0
500;SG;07 Ekim 2022, Cuma;Kamera, fotoðraf kalitesi çok düþük;ANKATEKNOB;1
501;ST;05 Kasým 2022, Cumartesi;Çok çabuk ýsýnýyor çok sýkýntý çektim;MOBILGEN;0
502;BE;04 Aralýk 2022, Pazar;Kesinlikle amoled ekran tercih etmelisiniz lcd ekran güzel deðil;Hepsiburada;0
503;HG;08 Þubat, Çar;Kamerasý çok da iyi deðil;KOÇ ÝLETÝÞÝM;0
504;AH;20 Haziran 2022, Pazartesi;Telefonu alalý 15 gün oldu beklentiniz yüksek olmasýn baþka cihazlara bakýn derim...;Azim Holding;4
505;AD;04 Aðustos 2022, Perþembe;Telefon çok yavaþ ve Android kararsýz çalisiyor amatör kalýyor;BittiBitiyor;2
506;KA;10 Haziran 2022, Cuma;Güzel fena deðil piyasaya göre;Azim Holding;3
507;CD;06 Haziran 2022, Pazartesi;Ürün bu þekilde geldi;Avrupa;3
508;OB;31 Mayýs 2022, Salý;;TAÞTANLAR TÝCARET;0
509;BF;20 Haziran 2022, Pazartesi;;Hepsiburada;0
510;YB;01 Nisan, Cts;;Hepsiburada;0
511;GÝ;01 Nisan, Cts;;Hepsiburada;0
512;ÞA;02 Nisan, Paz;;Hepsiburada;0
513;SG;02 Nisan, Paz;;Hepsiburada;0
514;FA;03 Nisan, Pts;;Hepsiburada;0
515;AA;04 Nisan, Sal;;Hepsiburada;0
516;MT;01 Nisan, Cts;;KýrmýzýElma;0
517;TC;07 Nisan, Cum;;KRAFT DTM;0
518;MÖ;05 Nisan, Çar;;Hepsiburada;0
519;HK;05 Nisan, Çar;;Hepsiburada;0
520;GÝ;01 Nisan, Cts;;Hepsiburada;0
521;YB;01 Nisan, Cts;;Hepsiburada;0
522;MT;01 Nisan, Cts;;Hepsiburada;0
523;AA;04 Nisan, Sal;;Hepsiburada;0
524;SG;02 Nisan, Paz;;Hepsiburada;0
525;FA;03 Nisan, Pts;;Hepsiburada;0
526;HK;05 Nisan, Çar;;KRAFT DTM;0
527;MÖ;05 Nisan, Çar;;Hepsiburada;0
528;ÞA;02 Nisan, Paz;;Hepsiburada;0
529;DD;12 Nisan, Çar;;Hepsiburada;0
530;MA;12 Nisan, Çar;;DoðanekspreSS;0
531;YI;12 Nisan, Çar;;Hepsiburada;0
532;VÖ;13 Nisan, Per;;Samsung Türkiye;0
533;HD;13 Ocak, Cum;;Samsung Türkiye;0
534;GA;11 Ocak, Çar;;durmazteknoloji;0
535;SK;11 Ocak, Çar;;Samsung Türkiye;0
536;AP;12 Ocak, Per;;Samsung Türkiye;0
537;MÖ;12 Ocak, Per;;Avrupa;0
538;FK;10 Ocak, Sal;;SABEZA;0
539;EC;21 Ocak, Cts;;Samsung Türkiye;0
540;OT;11 Þubat, Cts;;Hepsiburada;0
541;TÖ;14 Þubat, Sal;;Samsung Türkiye;0
542;AS;04 Þubat, Cts;;Samsung Türkiye;0
543;HB;18 Ocak, Çar;;Samsung Türkiye;0
544;CS;20 Ocak, Cum;;SABEZA;0
545;EC;21 Ocak, Cts;;Samsung Türkiye;0
546;MÖ;12 Ocak, Per;;durmazteknoloji;0
547;SK;11 Ocak, Çar;;Samsung Türkiye;0
548;AP;12 Ocak, Per;;Avrupa;0
549;FK;10 Ocak, Sal;;Hepsiburada;0
550;IG;26 Þubat, Paz;;Samsung Türkiye;0
551;ÖY;26 Þubat, Paz;;Hepsiburada;0
552;UG;22 Þubat, Çar;;Samsung Türkiye;0
553;EK;06 Ocak, Cum;;Samsung Türkiye;0
554;MÖ;12 Ocak, Per;;Samsung Türkiye;0
555;HB;18 Ocak, Çar;;Samsung Türkiye;0
556;AP;12 Ocak, Per;;Samsung Türkiye;0
557;HD;13 Ocak, Cum;;Samsung Türkiye;0
558;GA;11 Ocak, Çar;;Hepsiburada;0
559;EE;13 Þubat, Pts;;EGECEP;0
560;RK;22 Þubat, Çar;;Hepsiburada;0
561;UG;22 Þubat, Çar;;Hepsiburada;0
562;GÞ;22 Þubat, Çar;;Hepsiburada;0
563;SY;24 Þubat, Cum;;Hepsiburada;0
564;BS;22 Þubat, Çar;;Hepsiburada;0
565;HÝ;23 Þubat, Per;;gala iletiþim;0
566;SD;25 Þubat, Cts;;Hepsiburada;0
567;IG;26 Þubat, Paz;;Samsung Türkiye;0
568;ÖY;26 Þubat, Paz;;MALIBU;0
569;DK;27 Þubat, Pts;;Hepsiburada;0
570;UG;22 Þubat, Çar;;Samsung Türkiye;0
571;EK;06 Ocak, Cum;;Hepsiburada;0
572;NY;03 Mart, Cum;;CepteTek;0
573;IK;04 Mart, Cts;;gala iletiþim;0
574;HG;04 Mart, Cts;;Hepsiburada;0
575;SU;04 Mart, Cts;;CepteTek;0
576;KK;05 Mart, Paz;;Hepsiburada;0
577;HP;06 Mart, Pts;;Hepsiburada;0
578;MB;05 Mart, Paz;;CepteTek;0
579;ÝÖ;05 Mart, Paz;;mehmetlergsm;0
580;ÖT;07 Mart, Sal;;MARTEKNOLOJÝ;0
581;ET;08 Mart, Çar;;Hepsiburada;0
582;AÜ;07 Mart, Sal;;Hepsiburada;0
583;MB;05 Mart, Paz;;Hepsiburada;0
584;HP;06 Mart, Pts;;Hepsiburada;0
585;YÖ;10 Mart, Cum;;Hepsiburada;0
586;ÝD;08 Mart, Çar;;Hepsiburada;0
587;GÞ;12 Mart, Paz;;Samsung Türkiye;0
588;TG;12 Mart, Paz;;Beþken Elektronik;0
589;ÝA;12 Mart, Paz;;Hepsiburada;0
590;FK;24 Mart, Cum;;Hepsiburada;0
591;UK;25 Mart, Cts;;Hepsiburada;0
592;FT;31 Mart, Cum;;Hepsiburada;0
593;SÝ;31 Mart, Cum;;ANKATEKNOB;0
594;MD;28 Mart, Sal;;Hepsiburada;0
595;IA;29 Mart, Çar;;Hepsiburada;0
596;MÖ;28 Mart, Sal;;KRAFT DTM;0
597;AA;30 Mart, Per;;Hepsiburada;0
598;MA;30 Mart, Per;;Hepsiburada;0
599;MK;31 Mart, Cum;;Hepsiburada;0
600;GÝ;23 Mart, Per;;Macrocom;0
601;EB;22 Mart, Çar;;Hepsiburada;0
602;MV;18 Mart, Cts;;Hepsiburada;0
603;AE;16 Mart, Per;;Hepsiburada;0
604;ÝE;15 Mart, Çar;;Hepsiburada;0
605;NÖ;19 Mart, Paz;;BEYAZ TEKNO MARKET;0
606;ÝB;19 Mart, Paz;;Hepsiburada;0
607;DK;19 Mart, Paz;;Hepsiburada;0
608;HK;14 Mart, Sal;;Hepsiburada;0
609;ED;19 Mart, Paz;;Hepsiburada;0
610;SU;19 Mart, Paz;;Hepsiburada;0
611;EA;28 Mart, Sal;;ANKATEKNOB;0
612;MD;28 Mart, Sal;;Hepsiburada;0
613;MÖ;28 Mart, Sal;;Hepsiburada;0
614;IA;29 Mart, Çar;;Hepsiburada;0
615;ZÖ;30 Mart, Per;;Hepsiburada;0
616;MA;30 Mart, Per;;KRAFT DTM;0
617;AA;30 Mart, Per;;Hepsiburada;0
618;TK;27 Mart, Pts;;Hepsiburada;0
619;SÝ;31 Mart, Cum;;Hepsiburada;0
620;FT;31 Mart, Cum;;Hepsiburada;0
621;UK;25 Mart, Cts;;Hepsiburada;0
622;SÝ;31 Mart, Cum;;ALTERNATÝFGRUP;0
623;AT;03 Ekim 2022, Pazartesi;;KOÇ ÝLETÝÞÝM;0
624;CK;07 Ekim 2022, Cuma;;cakkardesler;0
625;DZ;10 Ekim 2022, Pazartesi;;Hepsiburada;0
626;YH;09 Ekim 2022, Pazar;;SERKA ÝLETÝÞÝM;0
627;AS;07 Ekim 2022, Cuma;;MK SES TEKNOLOJÝ;0
628;SK;05 Ekim 2022, Çarþamba;;Hepsiburada;0
629;TU;05 Ekim 2022, Çarþamba;;Hepsiburada;0
630;FK;12 Ekim 2022, Çarþamba;;MK SES TEKNOLOJÝ;0
631;AY;12 Ekim 2022, Çarþamba;;ANKATEKNOB;0
632;TA;11 Ekim 2022, Salý;;Avrupa;0
633;NB;11 Ekim 2022, Salý;;SERKA ÝLETÝÞÝM;0
634;RT;27 Ekim 2022, Perþembe;;TEKNOVARÝ;0
635;MD;25 Ekim 2022, Salý;;EGECEP;0
636;KY;24 Ekim 2022, Pazartesi;;CEMRE ÝLETÝÞÝM HÝZMETLERÝ;0
637;YK;28 Ekim 2022, Cuma;;Avrupa;0
638;YY;28 Ekim 2022, Cuma;;AKSOY TEKNOLOJÝ MARKET;0
639;AK;29 Ekim 2022, Cumartesi;;ALTERNATÝFGRUP;0
640;SM;29 Ekim 2022, Cumartesi;;Avrupa;0
641;ÖK;30 Ekim 2022, Pazar;;Hepsiburada;0
642;GA;16 Ekim 2022, Pazar;;Hepsiburada;0
643;MÇ;14 Ekim 2022, Cuma;;ANKATEKNOB;0
644;ÖE;21 Ekim 2022, Cuma;;aksa-telekom;0
645;AS;05 Kasým 2022, Cumartesi;;KýrmýzýElma;0
646;NB;06 Kasým 2022, Pazar;;Mobil Market;0
647;MA;06 Kasým 2022, Pazar;;VAROLÝLETÝÞÝM;0
648;SY;01 Kasým 2022, Salý;;TEKNOSELL;0
649;SK;01 Kasým 2022, Salý;;HAS ÝLETÝÞÝM;0
650;SÖ;30 Kasým 2022, Çarþamba;;ALMÝRA GROUP;0
651;MA;01 Aralýk 2022, Perþembe;;Hepsiburada;0
652;RG;01 Aralýk 2022, Perþembe;;ANKATEKNOB;0
653;AÖ;03 Aralýk 2022, Cumartesi;;SERKA ÝLETÝÞÝM;0
654;MU;03 Aralýk 2022, Cumartesi;;GÝ-STORE;0
655;TD;05 Aralýk 2022, Pazartesi;;TK  MARKET;0
656;CE;08 Aralýk 2022, Perþembe;;ALTERNATÝFGRUP;0
657;MA;09 Aralýk 2022, Cuma;;gala iletiþim;0
658;RE;15 Kasým 2022, Salý;;Hepsiburada;0
659;PH;18 Kasým 2022, Cuma;;SERKA ÝLETÝÞÝM;0
660;MU;03 Aralýk 2022, Cumartesi;;Hepsiburada;0
661;RG;01 Aralýk 2022, Perþembe;;ALMÝRA GROUP;0
662;MA;01 Aralýk 2022, Perþembe;;MARTEKNOLOJÝ;0
663;AK;17 Kasým 2022, Perþembe;;muratgsm;0
664;OÇ;22 Kasým 2022, Salý;;Hepsiburada;0
665;BY;23 Kasým 2022, Çarþamba;;anadolutelekom;0
666;NS;07 Kasým 2022, Pazartesi;;FÝXELEKTRONÝK;0
667;HP;07 Kasým 2022, Pazartesi;;Birtane Telekom;0
668;ED;09 Kasým 2022, Çarþamba;;metagrupbilisim;0
669;ÖG;11 Kasým 2022, Cuma;;Kuzeyden;0
670;MT;12 Kasým 2022, Cumartesi;;VAROLÝLETÝÞÝM;0
671;NT;14 Kasým 2022, Pazartesi;;Hepsiburada;0
672;MB;13 Kasým 2022, Pazar;;ANKATEKNOB;0
673;EÇ;12 Kasým 2022, Cumartesi;;aksa-telekom;0
674;AS;05 Kasým 2022, Cumartesi;;Hepsiburada;0
675;HC;05 Kasým 2022, Cumartesi;;KýrmýzýElma;0
676;NB;06 Kasým 2022, Pazar;;Mobil Market;0
677;MA;06 Kasým 2022, Pazar;;gala iletiþim;0
678;ES;10 Kasým 2022, Perþembe;;Birtane Telekom;0
679;ED;09 Kasým 2022, Çarþamba;;;0
